year,region_send,country,gender,n
1968,1,Afghanistan,0,15
1968,1,Afghanistan,NA,1
1968,3,Albania,0,9
1968,3,Albania,NA,5
1968,7,Argentina,0,52
1968,7,Argentina,NA,2
1968,6,Australia,0,26
1968,6,Australia,NA,15
1968,3,Austria,0,47
1968,3,Austria,1,1
1968,3,Austria,NA,3
1968,0,Burundi,0,8
1968,0,Burundi,NA,2
1968,3,Belgium,0,60
1968,3,Belgium,NA,4
1968,0,Benin,0,3
1968,0,Benin,NA,2
1968,0,Burkina Faso,0,8
1968,3,Bulgaria,0,33
1968,3,Bulgaria,NA,6
1968,7,"Bolivia, Plurinational State of",0,16
1968,7,Brazil,0,49
1968,7,Brazil,1,3
1968,7,Brazil,NA,2
1968,2,Barbados,0,3
1968,0,Botswana,NA,3
1968,0,Central African Republic,0,8
1968,0,Central African Republic,NA,2
1968,2,Canada,0,38
1968,2,Canada,1,2
1968,2,Canada,NA,13
1968,3,Switzerland,0,50
1968,3,Switzerland,NA,3
1968,7,Chile,0,40
1968,7,Chile,NA,2
1968,1,China,0,42
1968,1,China,NA,2
1968,0,Côte d'Ivoire,0,8
1968,0,Côte d'Ivoire,NA,6
1968,0,Cameroon,0,10
1968,0,Cameroon,NA,1
1968,0,"Congo, Democratic Republic of the",0,19
1968,0,"Congo, Democratic Republic of the",NA,3
1968,0,Congo,0,4
1968,0,Congo,NA,4
1968,7,Colombia,0,34
1968,7,Colombia,1,1
1968,2,Costa Rica,0,20
1968,2,Costa Rica,1,1
1968,3,Czechoslovakia,0,50
1968,3,Czechoslovakia,NA,3
1968,2,Cuba,0,30
1968,2,Cuba,1,1
1968,2,Cuba,NA,1
1968,3,Cyprus,0,4
1968,3,Cyprus,NA,3
1968,3,German Democratic Republic,0,8
1968,3,"Germany, Federal Republic of",0,77
1968,3,"Germany, Federal Republic of",NA,5
1968,5,Denmark,0,30
1968,5,Denmark,1,1
1968,5,Denmark,NA,13
1968,2,Dominican Republic,0,20
1968,2,Dominican Republic,NA,2
1968,0,Algeria,0,30
1968,0,Algeria,NA,1
1968,7,Ecuador,0,23
1968,7,Ecuador,NA,2
1968,4,Egypt,0,69
1968,4,Egypt,NA,1
1968,3,Spain,0,56
1968,3,Spain,1,1
1968,0,Ethiopia,0,10
1968,0,Ethiopia,NA,16
1968,5,Finland,0,36
1968,3,France,0,101
1968,0,Gabon,0,5
1968,0,Gabon,NA,2
1968,3,United Kingdom of Great Britain and Northern Ireland,0,71
1968,3,United Kingdom of Great Britain and Northern Ireland,NA,24
1968,0,Ghana,0,15
1968,0,Ghana,NA,17
1968,0,Guinea,0,4
1968,0,Guinea,1,1
1968,0,Guinea,NA,8
1968,0,Gambia,NA,1
1968,3,Greece,0,28
1968,3,Greece,NA,10
1968,2,Guatemala,0,22
1968,2,Guatemala,1,1
1968,2,Guatemala,NA,1
1968,0,Guyana,0,2
1968,0,Guyana,NA,1
1968,2,Honduras,0,14
1968,2,Haiti,0,19
1968,2,Haiti,1,1
1968,3,Hungary,0,38
1968,3,Hungary,NA,2
1968,1,Indonesia,0,37
1968,1,Indonesia,1,1
1968,1,India,0,66
1968,1,India,NA,2
1968,3,Ireland,0,13
1968,3,Ireland,NA,3
1968,4,"Iran, Islamic Republic of",0,34
1968,4,"Iran, Islamic Republic of",NA,1
1968,4,Iraq,0,28
1968,5,Iceland,0,6
1968,5,Iceland,NA,3
1968,4,Israel,0,39
1968,4,Israel,1,1
1968,4,Israel,NA,11
1968,3,Italy,0,71
1968,3,Italy,NA,7
1968,2,Jamaica,0,4
1968,4,Jordan,0,18
1968,1,Japan,0,64
1968,1,Japan,NA,1
1968,0,Kenya,0,4
1968,0,Kenya,NA,3
1968,1,Cambodia,0,9
1968,1,Cambodia,NA,2
1968,1,"Korea, Republic of",0,23
1968,1,"Korea, Republic of",NA,6
1968,4,Kuwait,0,17
1968,1,Lao People's Democratic Republic,0,1
1968,1,Lao People's Democratic Republic,NA,8
1968,4,Lebanon,0,33
1968,4,Lebanon,NA,1
1968,0,Liberia,0,13
1968,0,Liberia,1,1
1968,0,Liberia,NA,4
1968,0,Libya,0,22
1968,3,Liechtenstein,0,1
1968,1,Sri Lanka,0,5
1968,1,Sri Lanka,NA,13
1968,0,Lesotho,NA,3
1968,3,Luxembourg,0,10
1968,0,Morocco,0,34
1968,0,Morocco,1,1
1968,3,Monaco,0,5
1968,0,Madagascar,0,7
1968,0,Madagascar,NA,2
1968,1,Maldives,0,2
1968,2,Mexico,0,43
1968,2,Mexico,1,1
1968,0,Mali,0,7
1968,0,Mali,NA,4
1968,3,Malta,0,12
1968,3,Malta,NA,3
1968,1,Myanmar,NA,21
1968,1,Mongolia,NA,13
1968,0,Mauritania,0,5
1968,0,Mauritania,NA,3
1968,0,Mauritius,0,2
1968,0,Mauritius,NA,1
1968,0,Malawi,0,2
1968,0,Malawi,NA,4
1968,1,Malaysia,0,19
1968,1,Malaysia,1,1
1968,0,Niger,0,2
1968,0,Niger,NA,4
1968,0,Nigeria,0,15
1968,0,Nigeria,NA,13
1968,2,Nicaragua,0,17
1968,3,Netherlands,0,41
1968,3,Netherlands,NA,26
1968,5,Norway,0,29
1968,5,Norway,NA,6
1968,1,Nepal,0,8
1968,6,New Zealand,0,7
1968,6,New Zealand,NA,9
1968,1,Pakistan,0,41
1968,1,Pakistan,NA,4
1968,2,Panama,0,24
1968,2,Panama,1,1
1968,2,Panama,NA,2
1968,7,Peru,0,34
1968,1,Philippines,0,25
1968,1,Philippines,1,1
1968,1,Philippines,NA,1
1968,3,Poland,0,44
1968,3,Poland,NA,1
1968,1,"Korea, Democratic People's Republic of",0,13
1968,1,"Korea, Democratic People's Republic of",NA,4
1968,3,Portugal,0,31
1968,3,Portugal,NA,2
1968,7,Paraguay,0,16
1968,3,Romania,0,37
1968,3,Romania,NA,7
1968,0,Rwanda,0,4
1968,0,Rwanda,NA,1
1968,4,Saudi Arabia,0,34
1968,0,Sudan,0,18
1968,0,Sudan,NA,4
1968,0,Senegal,0,17
1968,0,Senegal,NA,3
1968,1,Singapore,0,8
1968,0,Sierra Leone,0,2
1968,0,Sierra Leone,NA,3
1968,2,El Salvador,0,20
1968,3,San Marino,0,1
1968,3,San Marino,NA,1
1968,0,Somalia,0,11
1968,0,Somalia,NA,1
1968,3,USSR,0,74
1968,5,Sweden,0,49
1968,5,Sweden,1,1
1968,5,Sweden,NA,3
1968,0,Eswatini,NA,2
1968,4,Syrian Arab Republic,0,28
1968,0,Chad,0,3
1968,0,Chad,NA,3
1968,0,Togo,0,5
1968,1,Thailand,0,23
1968,1,Thailand,1,2
1968,1,Thailand,NA,6
1968,2,Trinidad and Tobago,0,6
1968,2,Trinidad and Tobago,NA,1
1968,0,Tunisia,0,24
1968,4,Türkiye,0,53
1968,1,"Taiwan, Province of China",0,39
1968,0,"Tanzania, United Republic of",0,9
1968,0,"Tanzania, United Republic of",NA,2
1968,0,Uganda,0,5
1968,0,Uganda,NA,1
1968,7,Uruguay,0,37
1968,7,Uruguay,NA,1
1968,2,United States of America,0,81
1968,2,United States of America,1,1
1968,2,United States of America,NA,10
1968,3,Holy See,0,43
1968,1,"Viet Nam, Democratic Republic of",0,15
1968,1,"Viet Nam, Democratic Republic of",1,2
1968,1,"Viet Nam, Democratic Republic of",NA,5
1968,7,"Venezuela, Bolivarian Republic of",0,34
1968,7,"Venezuela, Bolivarian Republic of",1,1
1968,7,"Venezuela, Bolivarian Republic of",NA,1
1968,1,"Viet Nam, Republic of",0,6
1968,1,"Viet Nam, Republic of",NA,1
1968,4,"Yemen, People's Democratic Republic of",0,3
1968,4,"Yemen, Arab Republic of",0,10
1968,3,Yugoslavia,0,52
1968,3,Yugoslavia,NA,5
1968,0,South Africa,0,10
1968,0,South Africa,NA,10
1968,0,Zambia,0,8
1968,0,Zambia,NA,3
1978,4,Yemen,0,1
1978,1,Afghanistan,0,19
1978,1,Afghanistan,1,1
1978,1,Afghanistan,NA,1
1978,0,Angola,0,6
1978,0,Angola,1,1
1978,3,Albania,0,14
1978,3,Albania,NA,7
1978,4,United Arab Emirates,0,24
1978,7,Argentina,0,69
1978,7,Argentina,NA,3
1978,6,Australia,0,39
1978,6,Australia,1,3
1978,6,Australia,NA,20
1978,3,Austria,0,56
1978,3,Austria,1,1
1978,3,Austria,NA,5
1978,0,Burundi,0,9
1978,0,Burundi,NA,6
1978,3,Belgium,0,78
1978,3,Belgium,1,1
1978,3,Belgium,NA,6
1978,0,Benin,0,5
1978,0,Benin,NA,7
1978,0,Burkina Faso,0,5
1978,0,Burkina Faso,NA,4
1978,1,Bangladesh,0,32
1978,1,Bangladesh,NA,2
1978,3,Bulgaria,0,59
1978,3,Bulgaria,NA,9
1978,4,Bahrain,0,9
1978,2,Bahamas,0,2
1978,7,"Bolivia, Plurinational State of",0,23
1978,7,"Bolivia, Plurinational State of",1,1
1978,7,Brazil,0,73
1978,7,Brazil,1,1
1978,7,Brazil,NA,3
1978,2,Barbados,0,4
1978,1,Bhutan,NA,1
1978,0,Botswana,1,1
1978,0,Botswana,NA,4
1978,0,Central African Empire,0,19
1978,0,Central African Empire,NA,9
1978,2,Canada,0,53
1978,2,Canada,1,3
1978,2,Canada,NA,17
1978,3,Switzerland,0,73
1978,3,Switzerland,NA,9
1978,7,Chile,0,45
1978,7,Chile,1,1
1978,7,Chile,NA,1
1978,1,China,0,94
1978,1,China,1,1
1978,1,China,NA,3
1978,0,Côte d'Ivoire,0,16
1978,0,Côte d'Ivoire,NA,9
1978,0,Cameroon,0,15
1978,0,Cameroon,NA,4
1978,0,"Congo, Democratic Republic of the ",0,1
1978,0,"Congo, Democratic Republic of the ",NA,52
1978,0,Congo,0,13
1978,0,Congo,NA,4
1978,7,Colombia,0,47
1978,7,Colombia,1,3
1978,7,Colombia,NA,1
1978,0,Comoros,0,1
1978,0,Cabo Verde,0,3
1978,0,Cabo Verde,NA,2
1978,2,Costa Rica,0,25
1978,2,Costa Rica,1,2
1978,3,Czechoslovakia,0,78
1978,3,Czechoslovakia,NA,2
1978,2,Cuba,0,54
1978,2,Cuba,1,2
1978,2,Cuba,NA,1
1978,3,Cyprus,0,6
1978,3,Cyprus,NA,6
1978,3,German Democratic Republic,0,76
1978,3,German Democratic Republic,1,1
1978,3,German Democratic Republic,NA,1
1978,3,"Germany, Federal Republic of",0,114
1978,3,"Germany, Federal Republic of",1,2
1978,3,"Germany, Federal Republic of",NA,6
1978,0,Djibouti,0,1
1978,2,Dominica,0,1
1978,5,Denmark,0,43
1978,5,Denmark,1,1
1978,5,Denmark,NA,13
1978,2,Dominican Republic,0,25
1978,0,Algeria,0,47
1978,7,Ecuador,0,38
1978,7,Ecuador,NA,3
1978,4,Egypt,0,96
1978,4,Egypt,NA,1
1978,3,Spain,0,79
1978,3,Spain,NA,3
1978,0,Ethiopia,0,4
1978,0,Ethiopia,NA,25
1978,5,Finland,0,50
1978,5,Finland,1,3
1978,6,Fiji,NA,5
1978,3,France,0,131
1978,0,Gabon,0,28
1978,0,Gabon,NA,11
1978,3,United Kingdom of Great Britain and Northern Ireland,0,87
1978,3,United Kingdom of Great Britain and Northern Ireland,1,1
1978,3,United Kingdom of Great Britain and Northern Ireland,NA,30
1978,0,Ghana,0,18
1978,0,Ghana,NA,18
1978,0,Guinea,0,4
1978,0,Guinea,1,1
1978,0,Guinea,NA,24
1978,0,Gambia,0,2
1978,0,Gambia,NA,5
1978,0,Guinea-Bissau,0,6
1978,0,Guinea-Bissau,NA,3
1978,0,Equatorial Guinea,NA,4
1978,3,Greece,0,26
1978,3,Greece,NA,25
1978,2,Grenada,0,2
1978,2,Grenada,1,1
1978,2,Grenada,NA,1
1978,2,Guatemala,0,26
1978,2,Guatemala,1,1
1978,0,Guyana,0,11
1978,0,Guyana,NA,2
1978,2,Honduras,0,22
1978,2,Honduras,1,2
1978,2,Haiti,0,22
1978,3,Hungary,0,59
1978,3,Hungary,1,1
1978,3,Hungary,NA,3
1978,1,Indonesia,0,52
1978,1,Indonesia,1,1
1978,1,India,0,83
1978,1,India,1,5
1978,1,India,NA,3
1978,3,Ireland,0,19
1978,3,Ireland,NA,7
1978,4,"Iran, Islamic Republic of",0,45
1978,4,"Iran, Islamic Republic of",1,1
1978,4,Iraq,0,57
1978,4,Iraq,1,1
1978,5,Iceland,0,6
1978,5,Iceland,NA,4
1978,4,Israel,0,10
1978,4,Israel,NA,38
1978,3,Italy,0,91
1978,3,Italy,NA,10
1978,2,Jamaica,0,12
1978,2,Jamaica,1,2
1978,4,Jordan,0,36
1978,1,Japan,0,94
1978,1,Japan,1,1
1978,1,Japan,NA,2
1978,0,Kenya,0,5
1978,0,Kenya,NA,11
1978,1,Cambodia,0,3
1978,1,Cambodia,1,1
1978,1,Cambodia,NA,1
1978,1,"Korea, Republic of",0,60
1978,1,"Korea, Republic of",NA,7
1978,4,Kuwait,0,34
1978,4,Kuwait,NA,2
1978,1,Lao People's Democratic Republic,NA,10
1978,4,Lebanon,0,48
1978,0,Liberia,0,18
1978,0,Liberia,1,2
1978,0,Liberia,NA,4
1978,0,Libya,0,64
1978,3,Liechtenstein,0,1
1978,1,Sri Lanka,0,18
1978,1,Sri Lanka,NA,2
1978,0,Lesotho,0,2
1978,0,Lesotho,1,1
1978,0,Lesotho,NA,5
1978,3,Luxembourg,0,7
1978,3,Luxembourg,NA,3
1978,0,Morocco,0,40
1978,3,Monaco,0,5
1978,0,Madagascar,0,8
1978,0,Madagascar,NA,3
1978,1,Maldives,0,1
1978,2,Mexico,0,60
1978,2,Mexico,1,1
1978,2,Mexico,NA,2
1978,0,Mali,0,1
1978,0,Mali,NA,11
1978,3,Malta,0,17
1978,3,Malta,1,1
1978,3,Malta,NA,4
1978,1,Myanmar,NA,23
1978,1,Mongolia,NA,19
1978,0,Mozambique,0,2
1978,0,Mauritania,0,11
1978,0,Mauritania,NA,11
1978,0,Mauritius,0,4
1978,0,Mauritius,NA,4
1978,0,Malawi,0,2
1978,0,Malawi,NA,4
1978,1,Malaysia,0,30
1978,1,Malaysia,1,1
1978,1,Malaysia,NA,3
1978,0,Niger,0,2
1978,0,Niger,NA,15
1978,0,Nigeria,0,13
1978,0,Nigeria,NA,43
1978,2,Nicaragua,0,22
1978,2,Nicaragua,NA,1
1978,3,Netherlands,0,44
1978,3,Netherlands,NA,37
1978,5,Norway,0,37
1978,5,Norway,1,2
1978,5,Norway,NA,7
1978,1,Nepal,0,15
1978,6,New Zealand,0,17
1978,6,New Zealand,1,1
1978,6,New Zealand,NA,14
1978,4,Oman,0,21
1978,1,Pakistan,0,57
1978,1,Pakistan,NA,4
1978,2,Panama,0,32
1978,2,Panama,1,4
1978,7,Peru,0,49
1978,1,Philippines,0,27
1978,1,Philippines,1,1
1978,1,Philippines,NA,13
1978,6,Papua New Guinea,0,4
1978,6,Papua New Guinea,NA,4
1978,3,Poland,0,76
1978,3,Poland,NA,2
1978,1,"Korea, Democratic People's Republic of",0,48
1978,1,"Korea, Democratic People's Republic of",NA,15
1978,3,Portugal,0,50
1978,3,Portugal,NA,5
1978,7,Paraguay,0,20
1978,7,Paraguay,1,1
1978,4,Qatar,0,23
1978,3,Romania,0,64
1978,3,Romania,1,2
1978,3,Romania,NA,10
1978,0,Rwanda,0,7
1978,0,Rwanda,NA,10
1978,4,Saudi Arabia,0,54
1978,0,Sudan,0,15
1978,0,Sudan,NA,26
1978,0,Senegal,0,10
1978,0,Senegal,NA,29
1978,1,Singapore,0,14
1978,0,Sierra Leone,0,4
1978,0,Sierra Leone,1,1
1978,0,Sierra Leone,NA,11
1978,2,El Salvador,0,25
1978,3,San Marino,0,1
1978,0,Somalia,0,20
1978,0,Somalia,NA,12
1978,0,Sao Tome and Principe,NA,1
1978,3,USSR,0,104
1978,7,Suriname,0,5
1978,5,Sweden,0,61
1978,5,Sweden,1,1
1978,5,Sweden,NA,13
1978,0,Eswatini,0,1
1978,0,Eswatini,NA,4
1978,0,Seychelles,0,2
1978,4,Syrian Arab Republic,0,41
1978,4,Syrian Arab Republic,1,1
1978,0,Chad,0,7
1978,0,Chad,NA,8
1978,0,Togo,0,1
1978,0,Togo,NA,10
1978,1,Thailand,0,28
1978,1,Thailand,NA,8
1978,0,Tonga,NA,1
1978,2,Trinidad and Tobago,0,11
1978,0,Tunisia,0,36
1978,4,Türkiye,0,61
1978,1,"Taiwan, Province of China",0,21
1978,0,"Tanzania, United Republic of",0,13
1978,0,"Tanzania, United Republic of",NA,9
1978,0,Uganda,0,7
1978,0,Uganda,1,1
1978,0,Uganda,NA,11
1978,7,Uruguay,0,33
1978,7,Uruguay,1,2
1978,7,Uruguay,NA,1
1978,2,United States of America,0,101
1978,2,United States of America,1,8
1978,2,United States of America,NA,13
1978,3,Holy See,0,63
1978,3,Holy See,NA,6
1978,7,"Venezuela, Bolivarian Republic of",0,61
1978,7,"Venezuela, Bolivarian Republic of",1,1
1978,7,"Venezuela, Bolivarian Republic of",NA,2
1978,1,Viet Nam,0,27
1978,1,Viet Nam,1,1
1978,1,Viet Nam,NA,10
1978,6,Samoa,0,1
1978,4,"Yemen, People's Democratic Republic of",0,15
1978,4,"Yemen, Arab Republic of",0,25
1978,3,Yugoslavia,0,32
1978,3,Yugoslavia,NA,51
1978,0,South Africa,0,20
1978,0,South Africa,NA,6
1978,0,Zambia,0,11
1978,0,Zambia,NA,11
1988,1,Afghanistan,0,25
1988,1,Afghanistan,NA,2
1988,0,Angola,0,22
1988,3,Albania,0,22
1988,3,Albania,NA,2
1988,4,United Arab Emirates,0,26
1988,7,Argentina,0,75
1988,7,Argentina,1,1
1988,7,Argentina,NA,1
1988,2,Antigua and Barbuda,0,1
1988,6,Australia,0,54
1988,6,Australia,1,4
1988,6,Australia,NA,12
1988,3,Austria,0,65
1988,3,Austria,1,3
1988,3,Austria,NA,2
1988,0,Burundi,0,16
1988,3,Belgium,0,78
1988,3,Belgium,1,2
1988,3,Belgium,NA,4
1988,0,Benin,0,14
1988,0,Benin,NA,1
1988,0,Burkina Faso,0,11
1988,0,Burkina Faso,1,1
1988,1,Bangladesh,0,44
1988,3,Bulgaria,0,73
1988,3,Bulgaria,NA,5
1988,4,Bahrain,0,9
1988,2,Bahamas,0,1
1988,2,Bahamas,1,2
1988,2,Belize,0,2
1988,7,"Bolivia, Plurinational State of",0,33
1988,7,"Bolivia, Plurinational State of",1,3
1988,7,Brazil,0,81
1988,7,Brazil,1,2
1988,7,Brazil,NA,4
1988,2,Barbados,0,6
1988,1,Brunei Darussalam,0,7
1988,1,Bhutan,0,2
1988,1,Bhutan,NA,1
1988,0,Botswana,0,5
1988,0,Botswana,1,1
1988,0,Central African Republic,0,16
1988,2,Canada,0,61
1988,2,Canada,1,6
1988,2,Canada,NA,10
1988,3,Switzerland,0,65
1988,3,Switzerland,1,1
1988,3,Switzerland,NA,7
1988,7,Chile,0,52
1988,7,Chile,NA,1
1988,1,China,0,116
1988,1,China,1,1
1988,1,China,NA,5
1988,0,Côte d'Ivoire,0,30
1988,0,Côte d'Ivoire,1,1
1988,0,Côte d'Ivoire,NA,1
1988,0,Cameroon,0,15
1988,0,Cameroon,1,1
1988,0,Cameroon,NA,8
1988,0,"Congo, Democratic Republic of the ",0,38
1988,0,"Congo, Democratic Republic of the ",NA,10
1988,0,Congo,0,17
1988,0,Congo,1,2
1988,7,Colombia,0,49
1988,7,Colombia,1,5
1988,0,Comoros,0,1
1988,0,Cabo Verde,0,9
1988,2,Costa Rica,0,31
1988,2,Costa Rica,1,5
1988,2,Costa Rica,NA,1
1988,3,Czechoslovakia,0,84
1988,3,Czechoslovakia,NA,1
1988,2,Cuba,0,62
1988,2,Cuba,1,9
1988,2,Cuba,NA,4
1988,3,Cyprus,0,16
1988,3,German Democratic Republic,0,80
1988,3,German Democratic Republic,NA,3
1988,3,"Germany, Federal Republic of",0,113
1988,3,"Germany, Federal Republic of",1,2
1988,3,"Germany, Federal Republic of",NA,8
1988,0,Djibouti,0,6
1988,0,Djibouti,1,1
1988,2,Dominica,0,1
1988,5,Denmark,0,57
1988,5,Denmark,NA,7
1988,2,Dominican Republic,0,25
1988,2,Dominican Republic,1,2
1988,0,Algeria,0,76
1988,7,Ecuador,0,37
1988,7,Ecuador,1,1
1988,4,Egypt,0,104
1988,4,Egypt,NA,1
1988,3,Spain,0,82
1988,3,Spain,NA,1
1988,0,Ethiopia,0,27
1988,0,Ethiopia,NA,3
1988,5,Finland,0,58
1988,5,Finland,1,4
1988,6,Fiji,0,4
1988,6,Fiji,NA,2
1988,3,France,0,134
1988,3,France,1,2
1988,0,Gabon,0,27
1988,0,Gabon,1,1
1988,0,Gabon,NA,1
1988,3,United Kingdom of Great Britain and Northern Ireland,0,110
1988,3,United Kingdom of Great Britain and Northern Ireland,1,3
1988,3,United Kingdom of Great Britain and Northern Ireland,NA,11
1988,0,Ghana,0,29
1988,0,Ghana,1,2
1988,0,Ghana,NA,2
1988,0,Guinea,0,29
1988,0,Guinea,1,1
1988,0,Gambia,0,7
1988,0,Gambia,NA,1
1988,0,Guinea-Bissau,0,9
1988,0,Equatorial Guinea,0,8
1988,0,Equatorial Guinea,1,1
1988,0,Equatorial Guinea,NA,1
1988,3,Greece,0,53
1988,3,Greece,1,1
1988,3,Greece,NA,4
1988,2,Grenada,0,4
1988,2,Guatemala,0,25
1988,2,Guatemala,1,3
1988,0,Guyana,0,10
1988,0,Guyana,1,1
1988,0,Guyana,NA,2
1988,2,Honduras,0,29
1988,2,Honduras,1,1
1988,2,Haiti,0,21
1988,2,Haiti,1,1
1988,3,Hungary,0,68
1988,3,Hungary,1,1
1988,3,Hungary,NA,1
1988,1,Indonesia,0,61
1988,1,Indonesia,1,1
1988,1,India,0,93
1988,1,India,1,3
1988,1,India,NA,2
1988,3,Ireland,0,27
1988,3,Ireland,NA,1
1988,4,"Iran, Islamic Republic of",0,63
1988,4,"Iran, Islamic Republic of",NA,1
1988,4,Iraq,0,63
1988,4,Iraq,NA,1
1988,5,Iceland,0,9
1988,5,Iceland,1,1
1988,4,Israel,0,31
1988,4,Israel,NA,25
1988,3,Italy,0,98
1988,3,Italy,1,1
1988,3,Italy,NA,3
1988,2,Jamaica,0,9
1988,2,Jamaica,1,2
1988,2,Jamaica,NA,1
1988,4,Jordan,0,34
1988,1,Japan,0,100
1988,1,Japan,NA,3
1988,0,Kenya,0,21
1988,0,Kenya,1,1
1988,0,Kenya,NA,2
1988,1,Cambodia,0,6
1988,1,Cambodia,NA,5
1988,2,Saint Kitts and Nevis,0,2
1988,1,"Korea, Republic of",0,77
1988,1,"Korea, Republic of",NA,9
1988,4,Kuwait,0,38
1988,1,Lao People's Democratic Republic,NA,14
1988,4,Lebanon,0,51
1988,4,Lebanon,1,1
1988,0,Liberia,0,19
1988,0,Liberia,1,2
1988,0,Liberia,NA,1
1988,0,Libya,0,61
1988,0,Libya,NA,3
1988,2,Saint Lucia,0,2
1988,3,Liechtenstein,0,1
1988,1,Sri Lanka,0,27
1988,1,Sri Lanka,1,1
1988,1,Sri Lanka,NA,3
1988,0,Lesotho,0,8
1988,0,Lesotho,NA,2
1988,3,Luxembourg,0,11
1988,0,Morocco,0,49
1988,0,Morocco,NA,1
1988,3,Monaco,0,4
1988,3,Monaco,NA,2
1988,0,Madagascar,0,9
1988,0,Madagascar,NA,2
1988,1,Maldives,0,2
1988,2,Mexico,0,58
1988,2,Mexico,1,1
1988,0,Mali,0,18
1988,3,Malta,0,12
1988,3,Malta,NA,1
1988,1,Myanmar,NA,24
1988,1,Mongolia,NA,21
1988,0,Mozambique,0,14
1988,0,Mozambique,1,2
1988,0,Mozambique,NA,1
1988,0,Mauritania,0,24
1988,0,Mauritius,0,7
1988,0,Mauritius,1,1
1988,0,Malawi,0,10
1988,0,Malawi,NA,2
1988,1,Malaysia,0,42
1988,1,Malaysia,1,1
1988,1,Malaysia,NA,1
1988,0,Niger,0,16
1988,0,Nigeria,0,66
1988,0,Nigeria,1,3
1988,0,Nigeria,NA,3
1988,2,Nicaragua,0,37
1988,2,Nicaragua,1,4
1988,3,Netherlands,0,49
1988,3,Netherlands,1,1
1988,3,Netherlands,NA,34
1988,5,Norway,0,44
1988,5,Norway,1,1
1988,5,Norway,NA,4
1988,1,Nepal,0,13
1988,1,Nepal,1,1
1988,6,New Zealand,0,26
1988,6,New Zealand,1,3
1988,6,New Zealand,NA,4
1988,4,Oman,0,28
1988,1,Pakistan,0,63
1988,1,Pakistan,1,2
1988,1,Pakistan,NA,3
1988,2,Panama,0,35
1988,2,Panama,1,4
1988,2,Panama,NA,1
1988,7,Peru,0,51
1988,7,Peru,1,1
1988,1,Philippines,0,41
1988,1,Philippines,1,3
1988,1,Philippines,NA,7
1988,6,Papua New Guinea,0,8
1988,6,Papua New Guinea,NA,3
1988,3,Poland,0,76
1988,1,"Korea, Democratic People's Republic of",0,63
1988,1,"Korea, Democratic People's Republic of",NA,9
1988,3,Portugal,0,51
1988,3,Portugal,1,1
1988,3,Portugal,NA,1
1988,7,Paraguay,0,22
1988,4,Qatar,0,24
1988,3,Romania,0,68
1988,3,Romania,1,4
1988,3,Romania,NA,6
1988,0,Rwanda,0,16
1988,0,Rwanda,1,1
1988,4,Saudi Arabia,0,59
1988,0,Sudan,0,40
1988,0,Senegal,0,23
1988,0,Senegal,NA,7
1988,1,Singapore,0,17
1988,0,Sierra Leone,0,9
1988,0,Sierra Leone,1,2
1988,0,Sierra Leone,NA,1
1988,2,El Salvador,0,23
1988,2,El Salvador,1,1
1988,3,San Marino,0,3
1988,3,San Marino,1,1
1988,0,Somalia,0,33
1988,0,Somalia,NA,2
1988,0,Sao Tome and Principe,0,4
1988,0,Sao Tome and Principe,1,1
1988,3,USSR,0,115
1988,3,USSR,1,1
1988,3,USSR,NA,1
1988,7,Suriname,0,5
1988,5,Sweden,0,76
1988,5,Sweden,1,1
1988,5,Sweden,NA,3
1988,0,Eswatini,0,4
1988,0,Seychelles,0,2
1988,4,Syrian Arab Republic,0,40
1988,4,Syrian Arab Republic,1,2
1988,0,Chad,0,15
1988,0,Chad,NA,1
1988,0,Togo,0,11
1988,0,Togo,1,1
1988,0,Togo,NA,3
1988,1,Thailand,0,32
1988,1,Thailand,1,1
1988,1,Thailand,NA,12
1988,0,Tonga,0,1
1988,2,Trinidad and Tobago,0,10
1988,0,Tunisia,0,44
1988,0,Tunisia,1,2
1988,4,Türkiye,0,67
1988,6,Tuvalu,NA,1
1988,1,"Taiwan, Province of China",0,17
1988,0,"Tanzania, United Republic of",0,24
1988,0,"Tanzania, United Republic of",1,2
1988,0,Uganda,0,14
1988,0,Uganda,1,3
1988,7,Uruguay,0,48
1988,7,Uruguay,1,2
1988,7,Uruguay,NA,1
1988,2,United States of America,0,119
1988,2,United States of America,1,9
1988,2,United States of America,NA,5
1988,3,Holy See,0,76
1988,7,"Venezuela, Bolivarian Republic of",0,71
1988,7,"Venezuela, Bolivarian Republic of",1,4
1988,1,Viet Nam,0,34
1988,1,Viet Nam,1,1
1988,1,Viet Nam,NA,8
1988,6,Samoa,NA,3
1988,4,"Yemen, People's Democratic Republic of",0,28
1988,4,"Yemen, Arab Republic of",0,32
1988,3,Yugoslavia,0,80
1988,3,Yugoslavia,1,2
1988,3,Yugoslavia,NA,2
1988,0,South Africa,0,19
1988,0,South Africa,NA,3
1988,0,Zambia,0,21
1988,0,Zambia,NA,4
1988,0,Zimbabwe,0,21
1988,0,Zimbabwe,1,1
1988,0,Zimbabwe,NA,1
1998,1,Afghanistan,0,24
1998,1,Afghanistan,1,1
1998,1,Afghanistan,NA,3
1998,0,Angola,0,32
1998,0,Angola,1,1
1998,0,Angola,NA,1
1998,3,Albania,0,23
1998,3,Albania,NA,6
1998,3,Andorra,0,2
1998,3,Andorra,1,1
1998,4,United Arab Emirates,0,37
1998,4,United Arab Emirates,NA,1
1998,7,Argentina,0,72
1998,7,Argentina,1,6
1998,7,Argentina,NA,1
1998,1,Armenia,0,18
1998,1,Armenia,NA,2
1998,2,Antigua and Barbuda,0,2
1998,6,Australia,0,50
1998,6,Australia,1,5
1998,6,Australia,NA,13
1998,3,Austria,0,70
1998,3,Austria,1,4
1998,3,Austria,NA,3
1998,1,Azerbaijan,0,11
1998,1,Azerbaijan,1,1
1998,0,Burundi,0,11
1998,0,Burundi,1,2
1998,0,Burundi,NA,5
1998,3,Belgium,0,81
1998,3,Belgium,1,4
1998,3,Belgium,NA,2
1998,0,Benin,0,14
1998,0,Benin,NA,2
1998,0,Burkina Faso,0,15
1998,0,Burkina Faso,1,2
1998,0,Burkina Faso,NA,1
1998,1,Bangladesh,0,42
1998,1,Bangladesh,NA,3
1998,3,Bulgaria,0,71
1998,3,Bulgaria,1,2
1998,3,Bulgaria,NA,9
1998,4,Bahrain,0,16
1998,2,Bahamas,0,1
1998,2,Bahamas,1,1
1998,2,Bahamas,NA,1
1998,3,Bosnia and Herzegovina,0,25
1998,3,Bosnia and Herzegovina,1,3
1998,3,Bosnia and Herzegovina,NA,1
1998,3,Belarus,0,23
1998,3,Belarus,1,1
1998,3,Belarus,NA,1
1998,2,Belize,0,4
1998,2,Belize,1,1
1998,7,"Bolivia, Plurinational State of",0,27
1998,7,"Bolivia, Plurinational State of",1,2
1998,7,"Bolivia, Plurinational State of",NA,2
1998,7,Brazil,0,90
1998,7,Brazil,1,2
1998,7,Brazil,NA,2
1998,2,Barbados,0,3
1998,2,Barbados,1,2
1998,1,Brunei Darussalam,0,7
1998,1,Brunei Darussalam,NA,14
1998,1,Bhutan,NA,3
1998,0,Botswana,0,7
1998,0,Botswana,1,1
1998,0,Botswana,NA,1
1998,0,Central African Republic,0,15
1998,0,Central African Republic,NA,1
1998,2,Canada,0,75
1998,2,Canada,1,13
1998,2,Canada,NA,4
1998,3,Switzerland,0,78
1998,3,Switzerland,1,6
1998,3,Switzerland,NA,6
1998,7,Chile,0,60
1998,7,Chile,NA,2
1998,1,China,0,143
1998,1,China,1,6
1998,1,China,NA,3
1998,0,Côte d'Ivoire,0,29
1998,0,Côte d'Ivoire,1,1
1998,0,Côte d'Ivoire,NA,2
1998,0,Cameroon,0,21
1998,0,Cameroon,1,1
1998,0,Cameroon,NA,7
1998,0,"Congo, Democratic Republic of the",0,39
1998,0,"Congo, Democratic Republic of the",1,3
1998,0,"Congo, Democratic Republic of the",NA,11
1998,0,Congo,0,19
1998,0,Congo,1,1
1998,0,Congo,NA,1
1998,7,Colombia,0,50
1998,7,Colombia,1,11
1998,7,Colombia,NA,2
1998,0,Comoros,0,2
1998,0,Cabo Verde,0,10
1998,0,Cabo Verde,1,1
1998,2,Costa Rica,0,34
1998,2,Costa Rica,1,6
1998,2,Costa Rica,NA,1
1998,2,Cuba,0,75
1998,2,Cuba,1,8
1998,2,Cuba,NA,1
1998,3,Cyprus,0,20
1998,3,Cyprus,1,3
1998,3,Czechia,0,68
1998,3,Czechia,1,8
1998,3,Czechia,NA,9
1998,3,Germany,0,133
1998,3,Germany,1,13
1998,3,Germany,NA,4
1998,0,Djibouti,0,9
1998,0,Djibouti,NA,1
1998,2,Dominica,0,1
1998,2,Dominica,1,1
1998,5,Denmark,0,74
1998,5,Denmark,1,5
1998,5,Denmark,NA,1
1998,2,Dominican Republic,0,27
1998,2,Dominican Republic,1,2
1998,0,Algeria,0,69
1998,0,Algeria,NA,5
1998,7,Ecuador,0,36
1998,7,Ecuador,1,4
1998,7,Ecuador,NA,1
1998,4,Egypt,0,113
1998,4,Egypt,1,6
1998,0,Eritrea,0,13
1998,0,Eritrea,NA,1
1998,3,Spain,0,89
1998,3,Spain,1,3
1998,3,Spain,NA,5
1998,3,Estonia,0,18
1998,3,Estonia,1,1
1998,3,Estonia,NA,5
1998,0,Ethiopia,0,25
1998,0,Ethiopia,1,1
1998,0,Ethiopia,NA,9
1998,5,Finland,0,63
1998,5,Finland,1,4
1998,5,Finland,NA,3
1998,6,Fiji,0,1
1998,6,Fiji,NA,7
1998,3,France,0,146
1998,3,France,1,8
1998,6,"Micronesia, Federated States of",0,1
1998,6,"Micronesia, Federated States of",NA,2
1998,0,Gabon,0,27
1998,0,Gabon,1,2
1998,0,Gabon,NA,4
1998,3,United Kingdom of Great Britain and Northern Ireland,0,131
1998,3,United Kingdom of Great Britain and Northern Ireland,1,8
1998,3,United Kingdom of Great Britain and Northern Ireland,NA,2
1998,1,Georgia,0,15
1998,0,Ghana,0,30
1998,0,Ghana,1,3
1998,0,Ghana,NA,4
1998,0,Guinea,0,29
1998,0,Guinea,NA,1
1998,0,Gambia,0,8
1998,0,Gambia,NA,2
1998,0,Guinea-Bissau,0,9
1998,0,Guinea-Bissau,NA,2
1998,0,Equatorial Guinea,0,10
1998,0,Equatorial Guinea,NA,1
1998,3,Greece,0,58
1998,3,Greece,1,1
1998,3,Greece,NA,11
1998,2,Grenada,0,2
1998,2,Grenada,1,2
1998,2,Guatemala,0,27
1998,2,Guatemala,1,6
1998,2,Guatemala,NA,1
1998,0,Guyana,0,4
1998,0,Guyana,1,1
1998,0,Guyana,NA,4
1998,2,Honduras,0,26
1998,2,Honduras,1,4
1998,3,Croatia,0,33
1998,3,Croatia,NA,4
1998,2,Haiti,0,18
1998,2,Haiti,1,1
1998,2,Haiti,NA,2
1998,3,Hungary,0,77
1998,3,Hungary,NA,4
1998,1,Indonesia,0,68
1998,1,Indonesia,1,5
1998,1,Indonesia,NA,3
1998,1,India,0,105
1998,1,India,1,3
1998,1,India,NA,3
1998,3,Ireland,0,31
1998,3,Ireland,1,5
1998,4,"Iran, Islamic Republic of",0,88
1998,4,"Iran, Islamic Republic of",NA,5
1998,4,Iraq,0,50
1998,4,Iraq,NA,8
1998,5,Iceland,0,9
1998,5,Iceland,NA,1
1998,4,Israel,0,41
1998,4,Israel,1,2
1998,4,Israel,NA,33
1998,3,Italy,0,115
1998,3,Italy,1,2
1998,3,Italy,NA,6
1998,2,Jamaica,0,12
1998,2,Jamaica,1,1
1998,2,Jamaica,NA,1
1998,4,Jordan,0,40
1998,4,Jordan,NA,3
1998,1,Japan,0,113
1998,1,Japan,1,1
1998,1,Japan,NA,3
1998,1,Kazakhstan,0,22
1998,1,Kazakhstan,NA,2
1998,0,Kenya,0,28
1998,0,Kenya,NA,2
1998,1,Kyrgyzstan,0,10
1998,1,Kyrgyzstan,1,1
1998,1,Kyrgyzstan,NA,4
1998,1,Cambodia,0,10
1998,1,Cambodia,1,2
1998,1,Cambodia,NA,6
1998,2,Saint Kitts and Nevis,0,3
1998,1,"Korea, Republic of",0,84
1998,1,"Korea, Republic of",1,1
1998,1,"Korea, Republic of",NA,10
1998,4,Kuwait,0,46
1998,4,Kuwait,1,2
1998,4,Kuwait,NA,1
1998,1,Lao People's Democratic Republic,NA,20
1998,4,Lebanon,0,56
1998,4,Lebanon,NA,3
1998,0,Liberia,0,15
1998,0,Liberia,1,3
1998,0,Liberia,NA,1
1998,0,Libya,0,81
1998,0,Libya,1,1
1998,0,Libya,NA,5
1998,2,Saint Lucia,0,2
1998,2,Saint Lucia,1,1
1998,3,Liechtenstein,0,2
1998,1,Sri Lanka,0,26
1998,1,Sri Lanka,1,5
1998,1,Sri Lanka,NA,6
1998,0,Lesotho,0,7
1998,0,Lesotho,1,2
1998,0,Lesotho,NA,1
1998,3,Lithuania,0,20
1998,3,Lithuania,1,1
1998,3,Lithuania,NA,3
1998,3,Luxembourg,0,13
1998,3,Luxembourg,1,2
1998,3,Luxembourg,NA,1
1998,3,Latvia,0,17
1998,3,Latvia,1,3
1998,3,Latvia,NA,3
1998,0,Morocco,0,65
1998,0,Morocco,1,1
1998,0,Morocco,NA,3
1998,3,Monaco,0,6
1998,3,Monaco,NA,1
1998,3,"Moldova, Republic of",0,9
1998,3,"Moldova, Republic of",NA,2
1998,0,Madagascar,0,12
1998,0,Madagascar,NA,1
1998,1,Maldives,0,2
1998,2,Mexico,0,62
1998,2,Mexico,1,3
1998,2,Mexico,NA,1
1998,6,Marshall Islands,0,4
1998,3,North Macedonia,0,15
1998,3,North Macedonia,1,1
1998,3,North Macedonia,NA,2
1998,0,Mali,0,14
1998,0,Mali,1,2
1998,0,Mali,NA,3
1998,3,Malta,0,15
1998,3,Malta,NA,1
1998,1,Myanmar,NA,29
1998,1,Mongolia,NA,21
1998,0,Mozambique,0,20
1998,0,Mozambique,1,2
1998,0,Mozambique,NA,2
1998,0,Mauritania,0,27
1998,0,Mauritania,NA,2
1998,0,Mauritius,0,7
1998,0,Mauritius,1,2
1998,0,Mauritius,NA,3
1998,0,Malawi,0,9
1998,0,Malawi,1,2
1998,0,Malawi,NA,3
1998,1,Malaysia,0,50
1998,1,Malaysia,1,2
1998,1,Malaysia,NA,1
1998,0,Namibia,0,9
1998,0,Namibia,1,1
1998,0,Namibia,NA,6
1998,0,Niger,0,14
1998,0,Niger,1,2
1998,0,Niger,NA,2
1998,0,Nigeria,0,67
1998,0,Nigeria,1,2
1998,0,Nigeria,NA,7
1998,2,Nicaragua,0,25
1998,2,Nicaragua,1,6
1998,2,Nicaragua,NA,2
1998,3,Netherlands,0,36
1998,3,Netherlands,1,4
1998,3,Netherlands,NA,55
1998,5,Norway,0,54
1998,5,Norway,1,7
1998,5,Norway,NA,5
1998,1,Nepal,0,17
1998,6,Nauru,1,1
1998,6,New Zealand,0,30
1998,6,New Zealand,1,6
1998,6,New Zealand,NA,3
1998,4,Oman,0,29
1998,4,Oman,NA,1
1998,1,Pakistan,0,69
1998,1,Pakistan,NA,7
1998,2,Panama,0,35
1998,2,Panama,1,4
1998,2,Panama,NA,3
1998,7,Peru,0,48
1998,7,Peru,1,6
1998,1,Philippines,0,40
1998,1,Philippines,1,9
1998,1,Philippines,NA,8
1998,6,Palau,NA,2
1998,6,Papua New Guinea,0,7
1998,6,Papua New Guinea,NA,7
1998,3,Poland,0,85
1998,3,Poland,1,3
1998,3,Poland,NA,5
1998,1,"Korea, Democratic People's Republic of",0,58
1998,1,"Korea, Democratic People's Republic of",NA,3
1998,3,Portugal,0,63
1998,3,Portugal,NA,4
1998,7,Paraguay,0,21
1998,7,Paraguay,1,5
1998,7,Paraguay,NA,1
1998,4,Qatar,0,33
1998,4,Qatar,NA,1
1998,3,Romania,0,89
1998,3,Romania,1,5
1998,3,Romania,NA,6
1998,3,Russian Federation,0,142
1998,3,Russian Federation,NA,2
1998,0,Rwanda,0,16
1998,0,Rwanda,1,1
1998,4,Saudi Arabia,0,60
1998,4,Saudi Arabia,NA,6
1998,0,Sudan,0,45
1998,0,Sudan,NA,3
1998,0,Senegal,0,12
1998,0,Senegal,NA,16
1998,1,Singapore,0,23
1998,1,Singapore,1,1
1998,6,Solomon Islands,0,3
1998,0,Sierra Leone,0,10
1998,0,Sierra Leone,1,1
1998,0,Sierra Leone,NA,1
1998,2,El Salvador,0,28
1998,3,San Marino,0,2
1998,3,San Marino,1,3
1998,0,Somalia,0,19
1998,0,Somalia,NA,3
1998,0,Sao Tome and Principe,0,4
1998,7,Suriname,0,8
1998,3,Slovakia,0,49
1998,3,Slovakia,1,2
1998,3,Slovakia,NA,10
1998,3,Slovenia,0,17
1998,3,Slovenia,1,4
1998,3,Slovenia,NA,1
1998,5,Sweden,0,67
1998,5,Sweden,1,13
1998,5,Sweden,NA,3
1998,0,Eswatini,0,7
1998,0,Eswatini,1,2
1998,0,Seychelles,0,4
1998,0,Seychelles,NA,1
1998,4,Syrian Arab Republic,0,46
1998,4,Syrian Arab Republic,NA,1
1998,0,Chad,0,19
1998,0,Chad,NA,1
1998,0,Togo,0,12
1998,0,Togo,NA,2
1998,1,Thailand,0,41
1998,1,Thailand,1,6
1998,1,Thailand,NA,10
1998,1,Tajikistan,0,5
1998,1,Tajikistan,NA,2
1998,1,Turkmenistan,0,10
1998,1,Turkmenistan,NA,2
1998,0,Tonga,1,1
1998,2,Trinidad and Tobago,0,6
1998,2,Trinidad and Tobago,1,2
1998,2,Trinidad and Tobago,NA,1
1998,0,Tunisia,0,51
1998,0,Tunisia,1,2
1998,0,Tunisia,NA,1
1998,4,Türkiye,0,84
1998,4,Türkiye,1,5
1998,4,Türkiye,NA,1
1998,6,Tuvalu,NA,1
1998,1,"Taiwan, Province of China",0,18
1998,1,"Taiwan, Province of China",1,1
1998,1,"Taiwan, Province of China",NA,3
1998,0,"Tanzania, United Republic of",0,22
1998,0,"Tanzania, United Republic of",1,1
1998,0,Uganda,0,19
1998,0,Uganda,1,1
1998,0,Uganda,NA,3
1998,3,Ukraine,0,35
1998,3,Ukraine,1,1
1998,3,Ukraine,NA,3
1998,7,Uruguay,0,44
1998,7,Uruguay,1,2
1998,7,Uruguay,NA,2
1998,2,United States of America,0,127
1998,2,United States of America,1,31
1998,2,United States of America,NA,4
1998,1,Uzbekistan,0,14
1998,1,Uzbekistan,NA,2
1998,3,Holy See,0,97
1998,3,Holy See,NA,2
1998,2,Saint Vincent and the Grenadines,0,2
1998,7,"Venezuela, Bolivarian Republic of",0,68
1998,7,"Venezuela, Bolivarian Republic of",1,11
1998,7,"Venezuela, Bolivarian Republic of",NA,2
1998,1,Viet Nam,0,38
1998,1,Viet Nam,1,2
1998,1,Viet Nam,NA,8
1998,6,Samoa,NA,4
1998,4,Yemen,0,42
1998,4,Yemen,NA,2
1998,3,Yugoslavia,0,72
1998,3,Yugoslavia,NA,8
1998,0,South Africa,0,52
1998,0,South Africa,1,9
1998,0,South Africa,NA,10
1998,0,Zambia,0,17
1998,0,Zambia,1,1
1998,0,Zambia,NA,4
1998,0,Zimbabwe,0,21
1998,0,Zimbabwe,1,5
1998,0,Zimbabwe,NA,4
2003,1,Afghanistan,0,10
2003,1,Afghanistan,NA,3
2003,0,Angola,0,38
2003,0,Angola,1,3
2003,0,Angola,NA,1
2003,3,Albania,0,26
2003,3,Albania,1,2
2003,3,Albania,NA,1
2003,3,Andorra,0,1
2003,3,Andorra,1,3
2003,4,United Arab Emirates,0,40
2003,4,United Arab Emirates,1,1
2003,4,United Arab Emirates,NA,2
2003,7,Argentina,0,71
2003,7,Argentina,1,2
2003,7,Argentina,NA,1
2003,1,Armenia,0,23
2003,1,Armenia,1,2
2003,1,Armenia,NA,1
2003,2,Antigua and Barbuda,0,2
2003,2,Antigua and Barbuda,NA,1
2003,6,Australia,0,53
2003,6,Australia,1,15
2003,6,Australia,NA,2
2003,3,Austria,0,72
2003,3,Austria,1,7
2003,3,Austria,NA,1
2003,1,Azerbaijan,0,14
2003,1,Azerbaijan,1,1
2003,1,Azerbaijan,NA,1
2003,0,Burundi,0,14
2003,0,Burundi,NA,1
2003,3,Belgium,0,75
2003,3,Belgium,1,5
2003,3,Belgium,NA,2
2003,0,Benin,0,20
2003,0,Benin,NA,1
2003,0,Burkina Faso,0,19
2003,0,Burkina Faso,1,4
2003,0,Burkina Faso,NA,1
2003,1,Bangladesh,0,43
2003,1,Bangladesh,1,1
2003,1,Bangladesh,NA,2
2003,3,Bulgaria,0,69
2003,3,Bulgaria,1,4
2003,3,Bulgaria,NA,6
2003,4,Bahrain,0,16
2003,4,Bahrain,1,1
2003,2,Bahamas,0,4
2003,3,Bosnia and Herzegovina,0,32
2003,3,Bosnia and Herzegovina,1,5
2003,3,Bosnia and Herzegovina,NA,1
2003,3,Belarus,0,37
2003,3,Belarus,1,3
2003,2,Belize,0,8
2003,2,Belize,1,3
2003,7,"Bolivia, Plurinational State of",0,24
2003,7,"Bolivia, Plurinational State of",1,5
2003,7,Brazil,0,85
2003,7,Brazil,1,5
2003,7,Brazil,NA,2
2003,2,Barbados,0,4
2003,2,Barbados,1,1
2003,1,Brunei Darussalam,0,19
2003,1,Brunei Darussalam,NA,9
2003,1,Bhutan,NA,4
2003,0,Botswana,0,7
2003,0,Botswana,1,2
2003,0,Central African Republic,0,10
2003,0,Central African Republic,NA,3
2003,2,Canada,0,81
2003,2,Canada,1,17
2003,2,Canada,NA,5
2003,3,Switzerland,0,79
2003,3,Switzerland,1,10
2003,7,Chile,0,59
2003,7,Chile,1,5
2003,1,China,0,145
2003,1,China,1,6
2003,1,China,NA,5
2003,0,Côte d'Ivoire,0,26
2003,0,Côte d'Ivoire,1,8
2003,0,Côte d'Ivoire,NA,1
2003,0,Cameroon,0,21
2003,0,Cameroon,1,2
2003,0,Cameroon,NA,7
2003,0,"Congo, Democratic Republic of the",0,40
2003,0,"Congo, Democratic Republic of the",1,4
2003,0,"Congo, Democratic Republic of the",NA,8
2003,0,Congo,0,20
2003,0,Congo,NA,1
2003,7,Colombia,0,41
2003,7,Colombia,1,11
2003,7,Colombia,NA,1
2003,0,Comoros,0,1
2003,0,Comoros,NA,1
2003,0,Cabo Verde,0,14
2003,0,Cabo Verde,NA,1
2003,2,Costa Rica,0,24
2003,2,Costa Rica,1,14
2003,2,Cuba,0,85
2003,2,Cuba,1,11
2003,2,Cuba,NA,2
2003,3,Cyprus,0,22
2003,3,Cyprus,1,7
2003,3,Cyprus,NA,1
2003,3,Czechia,0,73
2003,3,Czechia,1,10
2003,3,Czechia,NA,2
2003,3,Germany,0,134
2003,3,Germany,1,9
2003,3,Germany,NA,1
2003,0,Djibouti,0,10
2003,0,Djibouti,NA,2
2003,2,Dominica,NA,2
2003,5,Denmark,0,71
2003,5,Denmark,1,2
2003,5,Denmark,NA,2
2003,2,Dominican Republic,0,24
2003,2,Dominican Republic,1,7
2003,2,Dominican Republic,NA,3
2003,0,Algeria,0,72
2003,0,Algeria,1,1
2003,0,Algeria,NA,5
2003,7,Ecuador,0,37
2003,7,Ecuador,1,3
2003,7,Ecuador,NA,1
2003,4,Egypt,0,103
2003,4,Egypt,1,18
2003,4,Egypt,NA,1
2003,0,Eritrea,0,18
2003,0,Eritrea,1,1
2003,0,Eritrea,NA,1
2003,3,Spain,0,98
2003,3,Spain,1,1
2003,3,Estonia,0,18
2003,3,Estonia,1,7
2003,3,Estonia,NA,1
2003,0,Ethiopia,0,23
2003,0,Ethiopia,1,3
2003,0,Ethiopia,NA,6
2003,5,Finland,0,59
2003,5,Finland,1,13
2003,5,Finland,NA,2
2003,6,Fiji,0,1
2003,6,Fiji,1,1
2003,6,Fiji,NA,7
2003,3,France,0,141
2003,3,France,1,12
2003,3,France,NA,3
2003,6,"Micronesia, Federated States of",0,2
2003,6,"Micronesia, Federated States of",NA,1
2003,0,Gabon,0,29
2003,0,Gabon,NA,1
2003,3,United Kingdom of Great Britain and Northern Ireland,0,128
2003,3,United Kingdom of Great Britain and Northern Ireland,1,17
2003,3,United Kingdom of Great Britain and Northern Ireland,NA,1
2003,1,Georgia,0,18
2003,1,Georgia,1,3
2003,0,Ghana,0,34
2003,0,Ghana,1,3
2003,0,Ghana,NA,1
2003,0,Guinea,0,28
2003,0,Guinea,1,1
2003,0,Guinea,NA,6
2003,0,Gambia,0,11
2003,0,Guinea-Bissau,0,12
2003,0,Guinea-Bissau,NA,1
2003,0,Equatorial Guinea,0,10
2003,0,Equatorial Guinea,1,1
2003,0,Equatorial Guinea,NA,2
2003,3,Greece,0,69
2003,3,Greece,1,4
2003,3,Greece,NA,6
2003,2,Grenada,0,1
2003,2,Grenada,1,3
2003,2,Guatemala,0,28
2003,2,Guatemala,1,6
2003,2,Guatemala,NA,1
2003,0,Guyana,0,2
2003,0,Guyana,1,2
2003,0,Guyana,NA,5
2003,2,Honduras,0,25
2003,2,Honduras,1,8
2003,2,Honduras,NA,1
2003,3,Croatia,0,40
2003,3,Croatia,1,6
2003,3,Croatia,NA,1
2003,2,Haiti,0,17
2003,2,Haiti,1,2
2003,2,Haiti,NA,1
2003,3,Hungary,0,76
2003,3,Hungary,NA,1
2003,1,Indonesia,0,75
2003,1,Indonesia,1,3
2003,1,Indonesia,NA,4
2003,1,India,0,98
2003,1,India,1,11
2003,1,India,NA,6
2003,3,Ireland,0,43
2003,3,Ireland,1,4
2003,4,"Iran, Islamic Republic of",0,94
2003,4,"Iran, Islamic Republic of",NA,1
2003,4,Iraq,0,10
2003,4,Iraq,1,2
2003,4,Iraq,NA,28
2003,5,Iceland,0,12
2003,5,Iceland,1,1
2003,4,Israel,0,62
2003,4,Israel,1,5
2003,4,Israel,NA,6
2003,3,Italy,0,112
2003,3,Italy,1,6
2003,2,Jamaica,0,9
2003,2,Jamaica,1,5
2003,4,Jordan,0,41
2003,4,Jordan,1,1
2003,1,Japan,0,120
2003,1,Japan,1,3
2003,1,Japan,NA,6
2003,1,Kazakhstan,0,32
2003,1,Kazakhstan,1,1
2003,0,Kenya,0,28
2003,0,Kenya,1,4
2003,0,Kenya,NA,2
2003,1,Kyrgyzstan,0,14
2003,1,Kyrgyzstan,1,1
2003,1,Kyrgyzstan,NA,2
2003,1,Cambodia,0,14
2003,1,Cambodia,NA,9
2003,2,Saint Kitts and Nevis,0,4
2003,1,"Korea, Republic of",0,90
2003,1,"Korea, Republic of",NA,6
2003,4,Kuwait,0,50
2003,4,Kuwait,1,2
2003,4,Kuwait,NA,2
2003,1,Lao People's Democratic Republic,NA,24
2003,4,Lebanon,0,59
2003,4,Lebanon,1,2
2003,4,Lebanon,NA,1
2003,0,Liberia,0,15
2003,0,Liberia,1,1
2003,0,Liberia,NA,2
2003,0,Libya,0,89
2003,0,Libya,1,1
2003,0,Libya,NA,9
2003,2,Saint Lucia,0,1
2003,2,Saint Lucia,1,1
2003,3,Liechtenstein,0,3
2003,3,Liechtenstein,1,1
2003,1,Sri Lanka,0,35
2003,1,Sri Lanka,1,3
2003,1,Sri Lanka,NA,4
2003,0,Lesotho,0,6
2003,0,Lesotho,1,3
2003,0,Lesotho,NA,2
2003,3,Lithuania,0,26
2003,3,Lithuania,1,1
2003,3,Lithuania,NA,2
2003,3,Luxembourg,0,15
2003,3,Luxembourg,1,3
2003,3,Latvia,0,21
2003,3,Latvia,1,4
2003,0,Morocco,0,72
2003,0,Morocco,1,2
2003,0,Morocco,NA,2
2003,3,Monaco,0,7
2003,3,"Moldova, Republic of",0,17
2003,3,"Moldova, Republic of",1,1
2003,0,Madagascar,0,11
2003,0,Madagascar,1,1
2003,0,Madagascar,NA,2
2003,1,Maldives,0,2
2003,1,Maldives,1,1
2003,2,Mexico,0,58
2003,2,Mexico,1,12
2003,2,Mexico,NA,1
2003,6,Marshall Islands,0,4
2003,6,Marshall Islands,NA,1
2003,3,North Macedonia,0,22
2003,3,North Macedonia,1,3
2003,3,North Macedonia,NA,1
2003,0,Mali,0,21
2003,0,Mali,1,3
2003,0,Mali,NA,4
2003,3,Malta,0,20
2003,3,Malta,1,1
2003,1,Myanmar,NA,30
2003,1,Mongolia,NA,25
2003,0,Mozambique,0,23
2003,0,Mozambique,1,1
2003,0,Mozambique,NA,2
2003,0,Mauritania,0,28
2003,0,Mauritania,NA,1
2003,0,Mauritius,0,11
2003,0,Mauritius,1,3
2003,0,Malawi,0,12
2003,0,Malawi,1,2
2003,0,Malawi,NA,2
2003,1,Malaysia,0,59
2003,1,Malaysia,1,3
2003,1,Malaysia,NA,2
2003,0,Namibia,0,10
2003,0,Namibia,1,3
2003,0,Namibia,NA,5
2003,0,Niger,0,15
2003,0,Niger,1,1
2003,0,Niger,NA,2
2003,0,Nigeria,0,72
2003,0,Nigeria,1,3
2003,0,Nigeria,NA,6
2003,2,Nicaragua,0,23
2003,2,Nicaragua,1,4
2003,2,Nicaragua,NA,2
2003,3,Netherlands,0,60
2003,3,Netherlands,1,8
2003,3,Netherlands,NA,34
2003,5,Norway,0,71
2003,5,Norway,1,7
2003,5,Norway,NA,2
2003,1,Nepal,0,18
2003,6,Nauru,1,1
2003,6,New Zealand,0,31
2003,6,New Zealand,1,6
2003,6,New Zealand,NA,1
2003,4,Oman,0,31
2003,4,Oman,1,1
2003,1,Pakistan,0,69
2003,1,Pakistan,1,5
2003,1,Pakistan,NA,6
2003,2,Panama,0,29
2003,2,Panama,1,15
2003,2,Panama,NA,2
2003,7,Peru,0,50
2003,7,Peru,1,6
2003,7,Peru,NA,3
2003,1,Philippines,0,43
2003,1,Philippines,1,12
2003,1,Philippines,NA,4
2003,6,Palau,0,1
2003,6,Palau,1,1
2003,6,Palau,NA,2
2003,6,Papua New Guinea,0,9
2003,6,Papua New Guinea,1,2
2003,6,Papua New Guinea,NA,4
2003,3,Poland,0,91
2003,3,Poland,1,3
2003,3,Poland,NA,2
2003,1,"Korea, Democratic People's Republic of",0,58
2003,1,"Korea, Democratic People's Republic of",NA,3
2003,3,Portugal,0,65
2003,3,Portugal,1,5
2003,7,Paraguay,0,22
2003,7,Paraguay,1,4
2003,7,Paraguay,NA,1
2003,4,Qatar,0,37
2003,3,Romania,0,84
2003,3,Romania,1,7
2003,3,Romania,NA,1
2003,3,Russian Federation,0,141
2003,3,Russian Federation,NA,2
2003,0,Rwanda,0,13
2003,0,Rwanda,1,3
2003,0,Rwanda,NA,2
2003,4,Saudi Arabia,0,73
2003,4,Saudi Arabia,NA,6
2003,3,Serbia and Montenegro,0,55
2003,3,Serbia and Montenegro,1,9
2003,3,Serbia and Montenegro,NA,4
2003,0,Sudan,0,50
2003,0,Sudan,1,1
2003,0,Sudan,NA,2
2003,0,Senegal,0,18
2003,0,Senegal,NA,15
2003,1,Singapore,0,20
2003,1,Singapore,1,4
2003,6,Solomon Islands,0,5
2003,0,Sierra Leone,0,12
2003,0,Sierra Leone,1,1
2003,0,Sierra Leone,NA,2
2003,2,El Salvador,0,28
2003,2,El Salvador,1,2
2003,3,San Marino,0,3
2003,3,San Marino,1,3
2003,3,San Marino,NA,1
2003,0,Somalia,0,17
2003,0,Somalia,NA,5
2003,0,Sao Tome and Principe,0,4
2003,0,Sao Tome and Principe,1,1
2003,7,Suriname,0,6
2003,7,Suriname,1,1
2003,7,Suriname,NA,1
2003,3,Slovakia,0,49
2003,3,Slovakia,1,5
2003,3,Slovakia,NA,4
2003,3,Slovenia,0,27
2003,3,Slovenia,1,5
2003,3,Slovenia,NA,1
2003,5,Sweden,0,67
2003,5,Sweden,1,18
2003,5,Sweden,NA,1
2003,0,Eswatini,0,9
2003,0,Eswatini,1,2
2003,0,Seychelles,0,4
2003,4,Syrian Arab Republic,0,48
2003,4,Syrian Arab Republic,1,3
2003,4,Syrian Arab Republic,NA,2
2003,0,Chad,0,17
2003,0,Chad,NA,2
2003,0,Togo,0,10
2003,0,Togo,NA,2
2003,1,Thailand,0,48
2003,1,Thailand,1,6
2003,1,Thailand,NA,9
2003,1,Tajikistan,0,10
2003,1,Turkmenistan,0,15
2003,1,Turkmenistan,NA,4
2003,1,Timor-Leste,0,4
2003,1,Timor-Leste,1,1
2003,0,Tonga,0,2
2003,2,Trinidad and Tobago,0,6
2003,2,Trinidad and Tobago,1,3
2003,0,Tunisia,0,53
2003,0,Tunisia,1,3
2003,0,Tunisia,NA,1
2003,4,Türkiye,0,81
2003,4,Türkiye,1,10
2003,6,Tuvalu,0,1
2003,1,"Taiwan, Province of China",0,22
2003,1,"Taiwan, Province of China",1,2
2003,0,"Tanzania, United Republic of",0,21
2003,0,"Tanzania, United Republic of",1,1
2003,0,Uganda,0,14
2003,0,Uganda,1,2
2003,3,Ukraine,0,64
2003,3,Ukraine,1,1
2003,3,Ukraine,NA,5
2003,7,Uruguay,0,45
2003,7,Uruguay,1,2
2003,7,Uruguay,NA,1
2003,2,United States of America,0,134
2003,2,United States of America,1,28
2003,1,Uzbekistan,0,24
2003,1,Uzbekistan,NA,3
2003,3,Holy See,0,105
2003,2,Saint Vincent and the Grenadines,0,2
2003,7,"Venezuela, Bolivarian Republic of",0,60
2003,7,"Venezuela, Bolivarian Republic of",1,21
2003,1,Viet Nam,0,39
2003,1,Viet Nam,1,4
2003,1,Viet Nam,NA,8
2003,6,Samoa,NA,4
2003,4,Yemen,0,45
2003,4,Yemen,NA,3
2003,0,South Africa,0,55
2003,0,South Africa,1,14
2003,0,South Africa,NA,7
2003,0,Zambia,0,19
2003,0,Zambia,1,3
2003,0,Zimbabwe,0,23
2003,0,Zimbabwe,1,5
2003,0,Zimbabwe,NA,3
2008,3,Kosovo,0,2
2008,3,Kosovo,NA,6
2008,1,Afghanistan,0,37
2008,1,Afghanistan,1,1
2008,1,Afghanistan,NA,1
2008,0,Angola,0,44
2008,0,Angola,1,3
2008,3,Albania,0,32
2008,3,Albania,1,3
2008,3,Andorra,0,4
2008,3,Andorra,1,1
2008,3,Andorra,NA,2
2008,4,United Arab Emirates,0,51
2008,4,United Arab Emirates,1,2
2008,7,Argentina,0,66
2008,7,Argentina,1,9
2008,1,Armenia,0,24
2008,1,Armenia,1,2
2008,2,Antigua and Barbuda,0,3
2008,2,Antigua and Barbuda,1,1
2008,6,Australia,0,47
2008,6,Australia,1,22
2008,6,Australia,NA,1
2008,3,Austria,0,61
2008,3,Austria,1,17
2008,3,Austria,NA,3
2008,1,Azerbaijan,0,43
2008,1,Azerbaijan,1,2
2008,0,Burundi,0,9
2008,0,Burundi,1,5
2008,3,Belgium,0,79
2008,3,Belgium,1,7
2008,0,Benin,0,20
2008,0,Benin,1,2
2008,0,Burkina Faso,0,17
2008,0,Burkina Faso,1,5
2008,0,Burkina Faso,NA,1
2008,1,Bangladesh,0,38
2008,1,Bangladesh,1,4
2008,1,Bangladesh,NA,1
2008,3,Bulgaria,0,75
2008,3,Bulgaria,1,4
2008,3,Bulgaria,NA,1
2008,4,Bahrain,0,20
2008,4,Bahrain,1,2
2008,2,Bahamas,0,4
2008,2,Bahamas,1,1
2008,3,Bosnia and Herzegovina,0,37
2008,3,Bosnia and Herzegovina,1,8
2008,3,Belarus,0,41
2008,3,Belarus,1,4
2008,2,Belize,0,9
2008,2,Belize,1,3
2008,7,"Bolivia, Plurinational State of",0,23
2008,7,"Bolivia, Plurinational State of",1,6
2008,7,Brazil,0,94
2008,7,Brazil,1,7
2008,2,Barbados,0,5
2008,1,Brunei Darussalam,0,23
2008,1,Brunei Darussalam,1,2
2008,1,Brunei Darussalam,NA,2
2008,1,Bhutan,NA,4
2008,0,Botswana,0,8
2008,0,Botswana,1,5
2008,0,Central African Republic,0,9
2008,0,Central African Republic,1,1
2008,2,Canada,0,65
2008,2,Canada,1,27
2008,2,Canada,NA,3
2008,3,Switzerland,0,78
2008,3,Switzerland,1,8
2008,3,Switzerland,NA,5
2008,7,Chile,0,57
2008,7,Chile,1,8
2008,1,China,0,147
2008,1,China,1,11
2008,0,Côte d'Ivoire,0,32
2008,0,Côte d'Ivoire,1,5
2008,0,Cameroon,0,23
2008,0,Cameroon,NA,7
2008,0,"Congo, Democratic Republic of the",0,39
2008,0,"Congo, Democratic Republic of the",1,5
2008,0,Congo,0,24
2008,7,Colombia,0,34
2008,7,Colombia,1,11
2008,0,Comoros,0,6
2008,0,Cabo Verde,0,11
2008,0,Cabo Verde,1,3
2008,2,Costa Rica,0,25
2008,2,Costa Rica,1,13
2008,2,Cuba,0,90
2008,2,Cuba,1,20
2008,3,Cyprus,0,31
2008,3,Cyprus,1,3
2008,3,Cyprus,NA,2
2008,3,Czechia,0,75
2008,3,Czechia,1,11
2008,3,Germany,0,135
2008,3,Germany,1,10
2008,0,Djibouti,0,11
2008,0,Djibouti,NA,1
2008,2,Dominica,0,2
2008,2,Dominica,1,2
2008,5,Denmark,0,63
2008,5,Denmark,1,9
2008,5,Denmark,NA,3
2008,2,Dominican Republic,0,34
2008,2,Dominican Republic,1,5
2008,0,Algeria,0,79
2008,0,Algeria,1,1
2008,7,Ecuador,0,37
2008,7,Ecuador,1,4
2008,7,Ecuador,NA,2
2008,4,Egypt,0,110
2008,4,Egypt,1,11
2008,0,Eritrea,0,28
2008,3,Spain,0,98
2008,3,Spain,1,8
2008,3,Spain,NA,4
2008,3,Estonia,0,19
2008,3,Estonia,1,3
2008,3,Estonia,NA,7
2008,0,Ethiopia,0,31
2008,0,Ethiopia,1,3
2008,0,Ethiopia,NA,1
2008,5,Finland,0,53
2008,5,Finland,1,21
2008,6,Fiji,0,2
2008,6,Fiji,NA,7
2008,3,France,0,137
2008,3,France,1,21
2008,6,"Micronesia, Federated States of",0,3
2008,6,"Micronesia, Federated States of",NA,1
2008,0,Gabon,0,25
2008,0,Gabon,1,2
2008,0,Gabon,NA,1
2008,3,United Kingdom of Great Britain and Northern Ireland,0,116
2008,3,United Kingdom of Great Britain and Northern Ireland,1,18
2008,3,United Kingdom of Great Britain and Northern Ireland,NA,6
2008,1,Georgia,0,36
2008,1,Georgia,1,3
2008,0,Ghana,0,29
2008,0,Ghana,1,11
2008,0,Ghana,NA,1
2008,0,Guinea,0,25
2008,0,Guinea,1,3
2008,0,Gambia,0,14
2008,0,Gambia,1,3
2008,0,Guinea-Bissau,0,8
2008,0,Guinea-Bissau,NA,1
2008,0,Equatorial Guinea,0,15
2008,0,Equatorial Guinea,1,2
2008,3,Greece,0,66
2008,3,Greece,1,6
2008,3,Greece,NA,8
2008,2,Grenada,0,2
2008,2,Grenada,1,4
2008,2,Guatemala,0,30
2008,2,Guatemala,1,7
2008,0,Guyana,0,4
2008,0,Guyana,1,1
2008,0,Guyana,NA,5
2008,2,Honduras,0,26
2008,2,Honduras,1,7
2008,3,Croatia,0,42
2008,3,Croatia,1,9
2008,2,Haiti,0,17
2008,2,Haiti,1,4
2008,3,Hungary,0,74
2008,3,Hungary,1,3
2008,3,Hungary,NA,1
2008,1,Indonesia,0,72
2008,1,Indonesia,1,6
2008,1,India,0,98
2008,1,India,1,15
2008,3,Ireland,0,48
2008,3,Ireland,1,6
2008,3,Ireland,NA,3
2008,4,"Iran, Islamic Republic of",0,92
2008,4,Iraq,0,56
2008,4,Iraq,1,1
2008,5,Iceland,0,14
2008,5,Iceland,1,3
2008,5,Iceland,NA,1
2008,4,Israel,0,57
2008,4,Israel,1,4
2008,4,Israel,NA,12
2008,3,Italy,0,107
2008,3,Italy,1,8
2008,3,Italy,NA,6
2008,2,Jamaica,0,8
2008,2,Jamaica,1,6
2008,4,Jordan,0,41
2008,4,Jordan,1,3
2008,1,Japan,0,124
2008,1,Japan,1,1
2008,1,Japan,NA,1
2008,1,Kazakhstan,0,43
2008,1,Kazakhstan,1,1
2008,0,Kenya,0,28
2008,0,Kenya,1,9
2008,1,Kyrgyzstan,0,17
2008,1,Kyrgyzstan,1,4
2008,1,Cambodia,0,17
2008,1,Cambodia,1,3
2008,1,Cambodia,NA,2
2008,2,Saint Kitts and Nevis,0,2
2008,2,Saint Kitts and Nevis,1,1
2008,1,"Korea, Republic of",0,100
2008,1,"Korea, Republic of",NA,4
2008,4,Kuwait,0,59
2008,4,Kuwait,1,1
2008,1,Lao People's Democratic Republic,NA,23
2008,4,Lebanon,0,63
2008,4,Lebanon,1,3
2008,0,Liberia,0,12
2008,0,Liberia,1,4
2008,0,Liberia,NA,2
2008,0,Libya,0,87
2008,0,Libya,1,2
2008,0,Libya,NA,1
2008,2,Saint Lucia,0,2
2008,2,Saint Lucia,1,1
2008,3,Liechtenstein,0,3
2008,3,Liechtenstein,1,2
2008,1,Sri Lanka,0,37
2008,1,Sri Lanka,1,1
2008,1,Sri Lanka,NA,2
2008,0,Lesotho,0,8
2008,0,Lesotho,1,4
2008,3,Lithuania,0,16
2008,3,Lithuania,1,6
2008,3,Lithuania,NA,21
2008,3,Luxembourg,0,19
2008,3,Luxembourg,NA,2
2008,3,Latvia,0,22
2008,3,Latvia,1,6
2008,3,Latvia,NA,6
2008,0,Morocco,0,72
2008,0,Morocco,1,8
2008,3,Monaco,0,7
2008,3,"Moldova, Republic of",0,20
2008,3,"Moldova, Republic of",1,5
2008,0,Madagascar,0,15
2008,0,Madagascar,1,2
2008,1,Maldives,0,11
2008,2,Mexico,0,58
2008,2,Mexico,1,13
2008,6,Marshall Islands,0,5
2008,3,North Macedonia,0,25
2008,3,North Macedonia,1,7
2008,0,Mali,0,24
2008,0,Mali,1,2
2008,3,Malta,0,18
2008,3,Malta,1,3
2008,1,Myanmar,NA,32
2008,3,Montenegro,0,12
2008,3,Montenegro,1,5
2008,1,Mongolia,NA,24
2008,0,Mozambique,0,23
2008,0,Mozambique,1,4
2008,0,Mauritania,0,28
2008,0,Mauritania,NA,1
2008,0,Mauritius,0,14
2008,0,Mauritius,1,2
2008,0,Malawi,0,10
2008,0,Malawi,1,4
2008,1,Malaysia,0,67
2008,1,Malaysia,1,7
2008,0,Namibia,0,11
2008,0,Namibia,1,2
2008,0,Namibia,NA,5
2008,0,Niger,0,14
2008,0,Niger,1,4
2008,0,Nigeria,0,76
2008,0,Nigeria,1,7
2008,2,Nicaragua,0,23
2008,2,Nicaragua,1,5
2008,3,Netherlands,0,72
2008,3,Netherlands,1,15
2008,3,Netherlands,NA,23
2008,5,Norway,0,60
2008,5,Norway,1,15
2008,5,Norway,NA,8
2008,1,Nepal,0,24
2008,1,Nepal,1,1
2008,6,Nauru,0,2
2008,6,Nauru,1,1
2008,6,New Zealand,0,27
2008,6,New Zealand,1,11
2008,6,New Zealand,NA,1
2008,4,Oman,0,33
2008,4,Oman,1,3
2008,1,Pakistan,0,65
2008,1,Pakistan,1,10
2008,1,Pakistan,NA,3
2008,2,Panama,0,40
2008,2,Panama,1,9
2008,7,Peru,0,50
2008,7,Peru,1,6
2008,1,Philippines,0,38
2008,1,Philippines,1,17
2008,1,Philippines,NA,5
2008,6,Palau,0,3
2008,6,Palau,1,1
2008,6,Papua New Guinea,0,12
2008,6,Papua New Guinea,NA,3
2008,3,Poland,0,74
2008,3,Poland,1,17
2008,1,"Korea, Democratic People's Republic of",0,59
2008,1,"Korea, Democratic People's Republic of",NA,2
2008,3,Portugal,0,67
2008,3,Portugal,1,6
2008,3,Portugal,NA,3
2008,7,Paraguay,0,29
2008,7,Paraguay,1,3
2008,4,Qatar,0,53
2008,3,Romania,0,78
2008,3,Romania,1,12
2008,3,Romania,NA,1
2008,3,Russian Federation,0,140
2008,3,Russian Federation,1,1
2008,0,Rwanda,0,15
2008,0,Rwanda,1,2
2008,4,Saudi Arabia,0,74
2008,0,Sudan,0,52
2008,0,Senegal,0,34
2008,0,Senegal,NA,7
2008,1,Singapore,0,22
2008,1,Singapore,1,2
2008,6,Solomon Islands,0,4
2008,6,Solomon Islands,NA,1
2008,0,Sierra Leone,0,10
2008,0,Sierra Leone,1,4
2008,2,El Salvador,0,28
2008,2,El Salvador,1,5
2008,3,San Marino,0,6
2008,3,San Marino,1,2
2008,3,San Marino,NA,1
2008,0,Somalia,0,19
2008,0,Somalia,NA,1
2008,3,Serbia,0,50
2008,3,Serbia,1,11
2008,0,Sao Tome and Principe,0,5
2008,0,Sao Tome and Principe,1,1
2008,7,Suriname,0,5
2008,7,Suriname,1,5
2008,7,Suriname,NA,1
2008,3,Slovakia,0,53
2008,3,Slovakia,1,4
2008,3,Slovenia,0,35
2008,3,Slovenia,1,5
2008,5,Sweden,0,58
2008,5,Sweden,1,25
2008,0,Eswatini,0,7
2008,0,Eswatini,1,1
2008,0,Seychelles,0,3
2008,4,Syrian Arab Republic,0,49
2008,4,Syrian Arab Republic,1,7
2008,0,Chad,0,16
2008,0,Chad,1,2
2008,0,Togo,0,10
2008,0,Togo,1,1
2008,1,Thailand,0,42
2008,1,Thailand,1,11
2008,1,Thailand,NA,10
2008,1,Tajikistan,0,18
2008,1,Turkmenistan,0,20
2008,1,Timor-Leste,0,8
2008,1,Timor-Leste,1,1
2008,1,Timor-Leste,NA,2
2008,0,Tonga,0,2
2008,0,Tonga,1,2
2008,2,Trinidad and Tobago,0,5
2008,2,Trinidad and Tobago,1,6
2008,0,Tunisia,0,51
2008,0,Tunisia,1,5
2008,4,Türkiye,0,85
2008,4,Türkiye,1,7
2008,6,Tuvalu,NA,1
2008,1,"Taiwan, Province of China",0,19
2008,1,"Taiwan, Province of China",1,1
2008,0,"Tanzania, United Republic of",0,24
2008,0,"Tanzania, United Republic of",1,2
2008,0,Uganda,0,19
2008,0,Uganda,1,3
2008,3,Ukraine,0,74
2008,3,Ukraine,1,4
2008,7,Uruguay,0,43
2008,7,Uruguay,1,4
2008,2,United States of America,0,111
2008,2,United States of America,1,46
2008,2,United States of America,NA,10
2008,1,Uzbekistan,0,28
2008,3,Holy See,0,98
2008,2,Saint Vincent and the Grenadines,0,2
2008,2,Saint Vincent and the Grenadines,1,1
2008,7,"Venezuela, Bolivarian Republic of",0,61
2008,7,"Venezuela, Bolivarian Republic of",1,20
2008,1,Viet Nam,0,56
2008,1,Viet Nam,1,1
2008,6,Vanuatu,0,2
2008,6,Samoa,NA,4
2008,4,Yemen,0,45
2008,4,Yemen,1,1
2008,0,South Africa,0,76
2008,0,South Africa,1,18
2008,0,South Africa,NA,1
2008,0,Zambia,0,19
2008,0,Zambia,1,4
2008,0,Zambia,NA,1
2008,0,Zimbabwe,0,25
2008,0,Zimbabwe,1,6
2013,3,Kosovo,0,1
2013,3,Kosovo,1,1
2013,3,Kosovo,NA,16
2013,1,Afghanistan,0,36
2013,1,Afghanistan,1,1
2013,1,Afghanistan,NA,1
2013,0,Angola,0,43
2013,0,Angola,1,6
2013,3,Albania,0,33
2013,3,Albania,1,4
2013,3,Andorra,0,1
2013,3,Andorra,1,2
2013,3,Andorra,NA,2
2013,4,United Arab Emirates,0,61
2013,4,United Arab Emirates,1,3
2013,7,Argentina,0,62
2013,7,Argentina,1,17
2013,1,Armenia,0,8
2013,1,Armenia,1,1
2013,1,Armenia,NA,28
2013,2,Antigua and Barbuda,0,2
2013,2,Antigua and Barbuda,1,1
2013,6,Australia,0,50
2013,6,Australia,1,16
2013,6,Australia,NA,9
2013,3,Austria,0,60
2013,3,Austria,1,20
2013,1,Azerbaijan,0,11
2013,1,Azerbaijan,1,1
2013,1,Azerbaijan,NA,42
2013,0,Burundi,0,18
2013,0,Burundi,1,1
2013,3,Belgium,0,78
2013,3,Belgium,1,8
2013,0,Benin,0,26
2013,0,Benin,1,2
2013,0,Burkina Faso,0,20
2013,0,Burkina Faso,1,5
2013,1,Bangladesh,0,45
2013,1,Bangladesh,1,2
2013,1,Bangladesh,NA,2
2013,3,Bulgaria,0,63
2013,3,Bulgaria,1,14
2013,3,Bulgaria,NA,1
2013,4,Bahrain,0,22
2013,4,Bahrain,1,2
2013,2,Bahamas,0,4
2013,2,Bahamas,1,2
2013,3,Bosnia and Herzegovina,0,30
2013,3,Bosnia and Herzegovina,1,12
2013,3,Belarus,0,40
2013,3,Belarus,1,4
2013,3,Belarus,NA,7
2013,2,Belize,0,9
2013,2,Belize,1,3
2013,7,"Bolivia, Plurinational State of",0,24
2013,7,"Bolivia, Plurinational State of",1,5
2013,7,Brazil,0,105
2013,7,Brazil,1,18
2013,2,Barbados,0,5
2013,2,Barbados,1,2
2013,1,Brunei Darussalam,0,9
2013,1,Brunei Darussalam,1,1
2013,1,Brunei Darussalam,NA,21
2013,1,Bhutan,NA,6
2013,0,Botswana,0,11
2013,0,Botswana,1,6
2013,0,Central African Republic,0,12
2013,0,Central African Republic,1,1
2013,2,Canada,0,59
2013,2,Canada,1,31
2013,2,Canada,NA,5
2013,3,Switzerland,0,80
2013,3,Switzerland,1,15
2013,3,Switzerland,NA,4
2013,7,Chile,0,66
2013,7,Chile,1,1
2013,1,China,0,153
2013,1,China,1,8
2013,1,China,NA,1
2013,0,Côte d'Ivoire,0,36
2013,0,Côte d'Ivoire,1,3
2013,0,Cameroon,0,19
2013,0,Cameroon,NA,13
2013,0,"Congo, Democratic Republic of the",0,44
2013,0,"Congo, Democratic Republic of the",1,5
2013,0,Congo,0,23
2013,0,Congo,1,2
2013,7,Colombia,0,36
2013,7,Colombia,1,15
2013,0,Comoros,0,9
2013,0,Cabo Verde,0,8
2013,0,Cabo Verde,1,6
2013,2,Costa Rica,0,27
2013,2,Costa Rica,1,12
2013,2,Cuba,0,81
2013,2,Cuba,1,32
2013,3,Cyprus,0,23
2013,3,Cyprus,1,2
2013,3,Cyprus,NA,17
2013,3,Czechia,0,64
2013,3,Czechia,1,18
2013,3,Germany,0,131
2013,3,Germany,1,17
2013,0,Djibouti,0,15
2013,0,Djibouti,NA,1
2013,2,Dominica,0,3
2013,2,Dominica,1,1
2013,5,Denmark,0,56
2013,5,Denmark,1,14
2013,5,Denmark,NA,4
2013,2,Dominican Republic,0,37
2013,2,Dominican Republic,1,6
2013,0,Algeria,0,77
2013,0,Algeria,1,4
2013,0,Algeria,NA,1
2013,7,Ecuador,0,38
2013,7,Ecuador,1,6
2013,4,Egypt,0,112
2013,4,Egypt,1,11
2013,0,Eritrea,0,25
2013,0,Eritrea,NA,1
2013,3,Spain,0,95
2013,3,Spain,1,11
2013,3,Spain,NA,6
2013,3,Estonia,0,10
2013,3,Estonia,1,3
2013,3,Estonia,NA,20
2013,0,Ethiopia,0,31
2013,0,Ethiopia,1,5
2013,5,Finland,0,36
2013,5,Finland,1,32
2013,6,Fiji,0,2
2013,6,Fiji,1,1
2013,6,Fiji,NA,12
2013,3,France,0,136
2013,3,France,1,24
2013,6,"Micronesia, Federated States of",0,1
2013,6,"Micronesia, Federated States of",NA,3
2013,0,Gabon,0,30
2013,0,Gabon,1,2
2013,3,United Kingdom of Great Britain and Northern Ireland,0,117
2013,3,United Kingdom of Great Britain and Northern Ireland,1,27
2013,3,United Kingdom of Great Britain and Northern Ireland,NA,2
2013,1,Georgia,0,18
2013,1,Georgia,1,2
2013,1,Georgia,NA,29
2013,0,Ghana,0,36
2013,0,Ghana,1,7
2013,0,Guinea,0,29
2013,0,Guinea,1,3
2013,0,Gambia,0,18
2013,0,Gambia,1,2
2013,0,Guinea-Bissau,0,8
2013,0,Guinea-Bissau,1,2
2013,0,Equatorial Guinea,0,17
2013,0,Equatorial Guinea,1,4
2013,3,Greece,0,43
2013,3,Greece,1,10
2013,3,Greece,NA,28
2013,2,Grenada,0,4
2013,2,Grenada,1,2
2013,2,Guatemala,0,31
2013,2,Guatemala,1,6
2013,0,Guyana,0,7
2013,0,Guyana,NA,3
2013,2,Honduras,0,24
2013,2,Honduras,1,7
2013,3,Croatia,0,38
2013,3,Croatia,1,11
2013,3,Croatia,NA,1
2013,2,Haiti,0,17
2013,2,Haiti,1,3
2013,3,Hungary,0,70
2013,3,Hungary,1,5
2013,1,Indonesia,0,76
2013,1,Indonesia,1,13
2013,1,India,0,101
2013,1,India,1,14
2013,3,Ireland,0,31
2013,3,Ireland,1,10
2013,3,Ireland,NA,16
2013,4,"Iran, Islamic Republic of",0,98
2013,4,Iraq,0,61
2013,4,Iraq,1,3
2013,5,Iceland,0,9
2013,5,Iceland,1,2
2013,5,Iceland,NA,4
2013,4,Israel,0,27
2013,4,Israel,1,6
2013,4,Israel,NA,43
2013,3,Italy,0,105
2013,3,Italy,1,9
2013,3,Italy,NA,6
2013,2,Jamaica,0,8
2013,2,Jamaica,1,10
2013,4,Jordan,0,41
2013,4,Jordan,1,3
2013,4,Jordan,NA,1
2013,1,Japan,0,134
2013,1,Japan,1,2
2013,1,Kazakhstan,0,5
2013,1,Kazakhstan,NA,46
2013,0,Kenya,0,32
2013,0,Kenya,1,12
2013,1,Kyrgyzstan,0,3
2013,1,Kyrgyzstan,1,1
2013,1,Kyrgyzstan,NA,16
2013,1,Cambodia,0,16
2013,1,Cambodia,1,5
2013,1,Cambodia,NA,2
2013,6,Kiribati,NA,2
2013,2,Saint Kitts and Nevis,0,2
2013,2,Saint Kitts and Nevis,1,2
2013,1,"Korea, Republic of",0,110
2013,1,"Korea, Republic of",NA,1
2013,4,Kuwait,0,72
2013,4,Kuwait,1,2
2013,1,Lao People's Democratic Republic,NA,23
2013,4,Lebanon,0,56
2013,4,Lebanon,1,9
2013,0,Liberia,0,12
2013,0,Liberia,1,4
2013,0,Liberia,NA,2
2013,0,Libya,0,85
2013,0,Libya,1,1
2013,0,Libya,NA,5
2013,2,Saint Lucia,0,2
2013,2,Saint Lucia,1,1
2013,3,Liechtenstein,0,2
2013,3,Liechtenstein,1,3
2013,1,Sri Lanka,0,40
2013,1,Sri Lanka,1,4
2013,0,Lesotho,0,10
2013,0,Lesotho,1,5
2013,3,Lithuania,0,8
2013,3,Lithuania,1,7
2013,3,Lithuania,NA,25
2013,3,Luxembourg,0,19
2013,3,Luxembourg,1,4
2013,3,Luxembourg,NA,1
2013,3,Latvia,0,7
2013,3,Latvia,1,3
2013,3,Latvia,NA,24
2013,0,Morocco,0,72
2013,0,Morocco,1,10
2013,3,Monaco,0,4
2013,3,Monaco,1,3
2013,3,Monaco,NA,2
2013,3,"Moldova, Republic of",0,19
2013,3,"Moldova, Republic of",1,1
2013,3,"Moldova, Republic of",NA,7
2013,0,Madagascar,0,11
2013,0,Madagascar,1,6
2013,1,Maldives,0,9
2013,1,Maldives,NA,3
2013,2,Mexico,0,63
2013,2,Mexico,1,12
2013,6,Marshall Islands,0,3
2013,6,Marshall Islands,NA,1
2013,3,North Macedonia,0,33
2013,3,North Macedonia,1,3
2013,0,Mali,0,24
2013,0,Mali,1,4
2013,3,Malta,0,18
2013,3,Malta,1,4
2013,3,Malta,NA,1
2013,1,Myanmar,NA,33
2013,3,Montenegro,0,10
2013,3,Montenegro,1,2
2013,3,Montenegro,NA,9
2013,1,Mongolia,NA,30
2013,0,Mozambique,0,20
2013,0,Mozambique,1,6
2013,0,Mauritania,0,28
2013,0,Mauritania,1,1
2013,0,Mauritania,NA,1
2013,0,Mauritius,0,13
2013,0,Mauritius,1,3
2013,0,Malawi,0,10
2013,0,Malawi,1,5
2013,1,Malaysia,0,66
2013,1,Malaysia,1,11
2013,1,Malaysia,NA,1
2013,0,Namibia,0,11
2013,0,Namibia,1,6
2013,0,Namibia,NA,5
2013,0,Niger,0,14
2013,0,Niger,1,5
2013,0,Niger,NA,1
2013,0,Nigeria,0,74
2013,0,Nigeria,1,16
2013,0,Nigeria,NA,1
2013,2,Nicaragua,0,22
2013,2,Nicaragua,1,10
2013,3,Netherlands,0,72
2013,3,Netherlands,1,17
2013,3,Netherlands,NA,16
2013,5,Norway,0,47
2013,5,Norway,1,20
2013,5,Norway,NA,13
2013,1,Nepal,0,25
2013,6,Nauru,0,1
2013,6,Nauru,1,1
2013,6,Nauru,NA,1
2013,6,New Zealand,0,29
2013,6,New Zealand,1,8
2013,6,New Zealand,NA,6
2013,4,Oman,0,37
2013,4,Oman,1,2
2013,1,Pakistan,0,75
2013,1,Pakistan,1,5
2013,1,Pakistan,NA,1
2013,2,Panama,0,39
2013,2,Panama,1,9
2013,7,Peru,0,48
2013,7,Peru,1,7
2013,1,Philippines,0,27
2013,1,Philippines,1,16
2013,1,Philippines,NA,19
2013,6,Palau,NA,4
2013,6,Papua New Guinea,0,9
2013,6,Papua New Guinea,NA,5
2013,3,Poland,0,75
2013,3,Poland,1,12
2013,1,"Korea, Democratic People's Republic of",0,54
2013,1,"Korea, Democratic People's Republic of",NA,3
2013,3,Portugal,0,53
2013,3,Portugal,1,9
2013,3,Portugal,NA,2
2013,7,Paraguay,0,31
2013,7,Paraguay,1,1
2013,4,Qatar,0,79
2013,3,Romania,0,72
2013,3,Romania,1,18
2013,3,Romania,NA,1
2013,3,Russian Federation,0,127
2013,3,Russian Federation,1,1
2013,3,Russian Federation,NA,18
2013,0,Rwanda,0,20
2013,0,Rwanda,1,6
2013,4,Saudi Arabia,0,90
2013,4,Saudi Arabia,1,1
2013,0,Sudan,0,54
2013,0,Sudan,1,3
2013,0,Senegal,0,3
2013,0,Senegal,1,1
2013,0,Senegal,NA,38
2013,1,Singapore,0,23
2013,1,Singapore,1,4
2013,6,Solomon Islands,0,5
2013,6,Solomon Islands,1,1
2013,6,Solomon Islands,NA,2
2013,0,Sierra Leone,0,15
2013,0,Sierra Leone,1,2
2013,2,El Salvador,0,28
2013,2,El Salvador,1,9
2013,3,San Marino,0,4
2013,3,San Marino,1,3
2013,3,San Marino,NA,5
2013,0,Somalia,0,25
2013,0,Somalia,1,1
2013,0,Somalia,NA,1
2013,3,Serbia,0,49
2013,3,Serbia,1,12
2013,0,South Sudan,0,15
2013,0,Sao Tome and Principe,0,6
2013,7,Suriname,0,9
2013,7,Suriname,1,4
2013,7,Suriname,NA,1
2013,3,Slovakia,0,56
2013,3,Slovakia,1,2
2013,3,Slovenia,0,23
2013,3,Slovenia,1,15
2013,5,Sweden,0,50
2013,5,Sweden,1,30
2013,0,Eswatini,0,5
2013,0,Eswatini,1,3
2013,0,Seychelles,0,6
2013,0,Seychelles,1,2
2013,4,Syrian Arab Republic,0,39
2013,4,Syrian Arab Republic,1,4
2013,4,Syrian Arab Republic,NA,1
2013,0,Chad,0,16
2013,0,Chad,1,2
2013,0,Togo,0,9
2013,0,Togo,1,1
2013,0,Togo,NA,1
2013,1,Thailand,0,38
2013,1,Thailand,1,15
2013,1,Thailand,NA,9
2013,1,Tajikistan,0,5
2013,1,Tajikistan,NA,16
2013,1,Turkmenistan,0,1
2013,1,Turkmenistan,NA,24
2013,1,Timor-Leste,0,12
2013,1,Timor-Leste,1,2
2013,1,Timor-Leste,NA,3
2013,0,Tonga,0,3
2013,0,Tonga,1,1
2013,2,Trinidad and Tobago,0,8
2013,2,Trinidad and Tobago,1,3
2013,0,Tunisia,0,51
2013,0,Tunisia,1,6
2013,4,Türkiye,0,33
2013,4,Türkiye,1,1
2013,4,Türkiye,NA,76
2013,6,Tuvalu,0,1
2013,6,Tuvalu,NA,2
2013,1,"Taiwan, Province of China",0,20
2013,1,"Taiwan, Province of China",1,1
2013,0,"Tanzania, United Republic of",0,21
2013,0,"Tanzania, United Republic of",1,6
2013,0,Uganda,0,18
2013,0,Uganda,1,10
2013,3,Ukraine,0,59
2013,3,Ukraine,1,2
2013,3,Ukraine,NA,21
2013,7,Uruguay,0,41
2013,7,Uruguay,1,7
2013,2,United States of America,0,118
2013,2,United States of America,1,39
2013,2,United States of America,NA,9
2013,1,Uzbekistan,0,2
2013,1,Uzbekistan,NA,29
2013,3,Holy See,0,100
2013,2,Saint Vincent and the Grenadines,0,2
2013,2,Saint Vincent and the Grenadines,1,2
2013,7,"Venezuela, Bolivarian Republic of",0,65
2013,7,"Venezuela, Bolivarian Republic of",1,20
2013,1,Viet Nam,0,59
2013,1,Viet Nam,1,3
2013,6,Vanuatu,0,1
2013,6,Vanuatu,NA,3
2013,6,Samoa,NA,5
2013,4,Yemen,0,42
2013,4,Yemen,1,1
2013,0,South Africa,0,71
2013,0,South Africa,1,31
2013,0,South Africa,NA,1
2013,0,Zambia,0,15
2013,0,Zambia,1,12
2013,0,Zimbabwe,0,24
2013,0,Zimbabwe,1,8
2014,3,Kosovo,0,25
2014,3,Kosovo,1,3
2014,3,Kosovo,NA,6
2014,1,Afghanistan,0,69
2014,1,Afghanistan,1,6
2014,0,Angola,0,81
2014,0,Angola,1,10
2014,3,Albania,0,57
2014,3,Albania,1,12
2014,3,Andorra,0,12
2014,3,Andorra,1,8
2014,4,United Arab Emirates,0,59
2014,4,United Arab Emirates,1,3
2014,4,United Arab Emirates,NA,1
2014,7,Argentina,0,70
2014,7,Argentina,1,17
2014,7,Argentina,NA,6
2014,1,Armenia,0,85
2014,1,Armenia,1,4
2014,2,Antigua and Barbuda,0,2
2014,2,Antigua and Barbuda,1,1
2014,6,Australia,0,154
2014,6,Australia,1,47
2014,6,Australia,NA,7
2014,3,Austria,0,143
2014,3,Austria,1,49
2014,3,Austria,NA,1
2014,1,Azerbaijan,0,130
2014,0,Burundi,0,19
2014,0,Burundi,1,5
2014,0,Burundi,NA,3
2014,3,Belgium,0,170
2014,3,Belgium,1,31
2014,3,Belgium,NA,2
2014,0,Benin,0,23
2014,0,Benin,NA,6
2014,0,Burkina Faso,0,53
2014,0,Burkina Faso,1,19
2014,1,Bangladesh,0,80
2014,1,Bangladesh,1,6
2014,3,Bulgaria,0,76
2014,3,Bulgaria,1,16
2014,4,Bahrain,0,30
2014,4,Bahrain,1,3
2014,2,Bahamas,0,8
2014,2,Bahamas,1,1
2014,3,Bosnia and Herzegovina,0,53
2014,3,Bosnia and Herzegovina,1,21
2014,3,Belarus,0,93
2014,3,Belarus,1,3
2014,2,Belize,0,12
2014,2,Belize,1,3
2014,7,"Bolivia, Plurinational State of",0,30
2014,7,"Bolivia, Plurinational State of",1,5
2014,7,Brazil,0,90
2014,7,Brazil,1,16
2014,7,Brazil,NA,31
2014,2,Barbados,0,4
2014,2,Barbados,1,2
2014,1,Brunei Darussalam,0,68
2014,1,Brunei Darussalam,1,3
2014,1,Bhutan,0,2
2014,1,Bhutan,1,1
2014,1,Bhutan,NA,2
2014,0,Botswana,0,54
2014,0,Botswana,1,8
2014,0,Central African Republic,0,9
2014,0,Central African Republic,1,1
2014,0,Central African Republic,NA,6
2014,2,Canada,0,156
2014,2,Canada,1,52
2014,2,Canada,NA,4
2014,3,Switzerland,0,114
2014,3,Switzerland,1,26
2014,7,Chile,0,102
2014,7,Chile,1,7
2014,7,Chile,NA,10
2014,1,China,0,155
2014,1,China,1,10
2014,1,China,NA,2
2014,0,Côte d'Ivoire,0,59
2014,0,Côte d'Ivoire,1,15
2014,0,Cameroon,0,35
2014,0,Cameroon,1,3
2014,0,"Congo, Democratic Republic of the",0,27
2014,0,"Congo, Democratic Republic of the",1,5
2014,0,Congo,0,44
2014,0,Congo,1,3
2014,7,Colombia,0,38
2014,7,Colombia,1,15
2014,7,Colombia,NA,9
2014,0,Comoros,0,17
2014,0,Comoros,1,1
2014,0,Comoros,NA,1
2014,0,Cabo Verde,0,8
2014,0,Cabo Verde,1,4
2014,0,Cabo Verde,NA,1
2014,2,Costa Rica,0,32
2014,2,Costa Rica,1,17
2014,2,Cuba,0,117
2014,2,Cuba,1,42
2014,3,Cyprus,0,85
2014,3,Cyprus,1,24
2014,3,Czechia,0,125
2014,3,Czechia,1,29
2014,3,Germany,0,157
2014,3,Germany,1,29
2014,3,Germany,NA,3
2014,0,Djibouti,0,24
2014,0,Djibouti,NA,3
2014,2,Dominica,0,3
2014,2,Dominica,1,2
2014,5,Denmark,0,144
2014,5,Denmark,1,40
2014,5,Denmark,NA,4
2014,2,Dominican Republic,0,59
2014,2,Dominican Republic,1,19
2014,0,Algeria,0,72
2014,0,Algeria,1,2
2014,0,Algeria,NA,10
2014,7,Ecuador,0,97
2014,7,Ecuador,1,7
2014,4,Egypt,0,80
2014,4,Egypt,1,13
2014,4,Egypt,NA,1
2014,0,Eritrea,0,22
2014,0,Eritrea,1,1
2014,0,Eritrea,NA,6
2014,0,Western Sahara,0,5
2014,3,Spain,0,170
2014,3,Spain,1,16
2014,3,Spain,NA,6
2014,3,Estonia,0,74
2014,3,Estonia,1,11
2014,0,Ethiopia,0,80
2014,0,Ethiopia,1,17
2014,5,Finland,0,45
2014,5,Finland,1,28
2014,5,Finland,NA,1
2014,6,Fiji,0,35
2014,6,Fiji,1,3
2014,6,Fiji,NA,5
2014,3,France,0,145
2014,3,France,1,28
2014,3,France,NA,7
2014,3,Faroe Islands,0,3
2014,3,Faroe Islands,1,1
2014,6,"Micronesia, Federated States of",0,7
2014,0,Gabon,0,37
2014,0,Gabon,1,7
2014,3,United Kingdom of Great Britain and Northern Ireland,0,149
2014,3,United Kingdom of Great Britain and Northern Ireland,1,41
2014,1,Georgia,0,119
2014,1,Georgia,1,9
2014,0,Ghana,0,81
2014,0,Ghana,1,37
2014,0,Guinea,0,35
2014,0,Guinea,1,3
2014,0,Guinea,NA,5
2014,0,Gambia,0,16
2014,0,Gambia,1,3
2014,0,Gambia,NA,4
2014,0,Guinea-Bissau,0,7
2014,0,Guinea-Bissau,1,3
2014,0,Guinea-Bissau,NA,7
2014,0,Equatorial Guinea,0,79
2014,0,Equatorial Guinea,1,7
2014,3,Greece,0,135
2014,3,Greece,1,33
2014,3,Greece,NA,6
2014,2,Grenada,0,5
2014,2,Grenada,1,1
2014,2,Guatemala,0,65
2014,2,Guatemala,1,7
2014,0,Guyana,0,10
2014,0,Guyana,1,5
2014,2,Honduras,0,34
2014,2,Honduras,1,11
2014,3,Croatia,0,64
2014,3,Croatia,1,20
2014,2,Haiti,0,14
2014,2,Haiti,1,1
2014,2,Haiti,NA,4
2014,3,Hungary,0,124
2014,3,Hungary,1,16
2014,1,Indonesia,0,140
2014,1,Indonesia,1,23
2014,1,Indonesia,NA,4
2014,1,India,0,101
2014,1,India,1,13
2014,1,India,NA,9
2014,3,Ireland,0,142
2014,3,Ireland,1,54
2014,3,Ireland,NA,2
2014,4,"Iran, Islamic Republic of",0,67
2014,4,"Iran, Islamic Republic of",NA,20
2014,4,Iraq,0,65
2014,4,Iraq,1,2
2014,4,Iraq,NA,4
2014,5,Iceland,0,88
2014,5,Iceland,1,43
2014,4,Israel,0,102
2014,4,Israel,1,23
2014,4,Israel,NA,1
2014,3,Italy,0,172
2014,3,Italy,1,16
2014,3,Italy,NA,7
2014,2,Jamaica,0,29
2014,2,Jamaica,1,73
2014,4,Jordan,0,87
2014,4,Jordan,1,3
2014,1,Japan,0,175
2014,1,Japan,1,4
2014,1,Japan,NA,11
2014,1,Kazakhstan,0,52
2014,1,Kazakhstan,NA,5
2014,0,Kenya,0,70
2014,0,Kenya,1,24
2014,1,Kyrgyzstan,0,28
2014,1,Kyrgyzstan,1,3
2014,1,Cambodia,0,51
2014,1,Cambodia,1,11
2014,6,Kiribati,1,2
2014,2,Saint Kitts and Nevis,0,3
2014,2,Saint Kitts and Nevis,1,2
2014,1,"Korea, Republic of",0,186
2014,1,"Korea, Republic of",1,1
2014,1,"Korea, Republic of",NA,2
2014,4,Kuwait,0,110
2014,4,Kuwait,1,2
2014,1,Lao People's Democratic Republic,0,53
2014,1,Lao People's Democratic Republic,1,9
2014,4,Lebanon,0,67
2014,4,Lebanon,1,7
2014,4,Lebanon,NA,12
2014,0,Liberia,0,16
2014,0,Liberia,1,9
2014,0,Liberia,NA,2
2014,0,Libya,0,29
2014,0,Libya,1,1
2014,0,Libya,NA,12
2014,2,Saint Lucia,0,4
2014,2,Saint Lucia,1,2
2014,3,Liechtenstein,0,1
2014,3,Liechtenstein,1,6
2014,1,Sri Lanka,0,124
2014,1,Sri Lanka,1,11
2014,0,Lesotho,0,8
2014,0,Lesotho,1,12
2014,0,Lesotho,NA,1
2014,3,Lithuania,0,61
2014,3,Lithuania,1,30
2014,3,Lithuania,NA,2
2014,3,Luxembourg,0,56
2014,3,Luxembourg,1,11
2014,3,Luxembourg,NA,7
2014,3,Latvia,0,58
2014,3,Latvia,1,16
2014,0,Morocco,0,102
2014,0,Morocco,1,15
2014,0,Morocco,NA,12
2014,3,Monaco,0,8
2014,3,Monaco,1,8
2014,3,"Moldova, Republic of",0,32
2014,3,"Moldova, Republic of",1,2
2014,3,"Moldova, Republic of",NA,6
2014,0,Madagascar,0,17
2014,0,Madagascar,1,1
2014,1,Maldives,0,9
2014,1,Maldives,1,3
2014,1,Maldives,NA,2
2014,2,Mexico,0,67
2014,2,Mexico,1,9
2014,2,Mexico,NA,8
2014,6,Marshall Islands,0,3
2014,6,Marshall Islands,1,2
2014,6,Marshall Islands,NA,1
2014,3,North Macedonia,0,46
2014,3,North Macedonia,1,5
2014,3,North Macedonia,NA,3
2014,0,Mali,0,45
2014,0,Mali,1,11
2014,0,Mali,NA,5
2014,3,Malta,0,57
2014,3,Malta,1,10
2014,3,Malta,NA,30
2014,1,Myanmar,0,66
2014,1,Myanmar,1,1
2014,1,Myanmar,NA,3
2014,3,Montenegro,0,43
2014,3,Montenegro,1,10
2014,3,Montenegro,NA,5
2014,1,Mongolia,0,66
2014,1,Mongolia,1,3
2014,1,Mongolia,NA,1
2014,0,Mozambique,0,50
2014,0,Mozambique,1,16
2014,0,Mozambique,NA,6
2014,0,Mauritania,0,33
2014,0,Mauritania,1,1
2014,0,Mauritania,NA,11
2014,0,Mauritius,0,28
2014,0,Mauritius,1,9
2014,0,Mauritius,NA,3
2014,0,Malawi,0,62
2014,0,Malawi,1,15
2014,0,Malawi,NA,48
2014,1,Malaysia,0,81
2014,1,Malaysia,1,23
2014,1,Malaysia,NA,22
2014,0,Namibia,0,50
2014,0,Namibia,1,15
2014,0,Niger,0,15
2014,0,Niger,1,8
2014,0,Niger,NA,6
2014,0,Nigeria,0,77
2014,0,Nigeria,1,20
2014,0,Nigeria,NA,50
2014,2,Nicaragua,0,64
2014,2,Nicaragua,1,20
2014,6,Niue,1,1
2014,3,Netherlands,0,130
2014,3,Netherlands,1,43
2014,3,Netherlands,NA,6
2014,5,Norway,0,63
2014,5,Norway,1,40
2014,5,Norway,NA,1
2014,1,Nepal,0,108
2014,1,Nepal,1,3
2014,6,New Zealand,0,133
2014,6,New Zealand,1,43
2014,4,Oman,0,88
2014,4,Oman,1,6
2014,4,Oman,NA,1
2014,1,Pakistan,0,71
2014,1,Pakistan,1,8
2014,1,Pakistan,NA,5
2014,2,Panama,0,54
2014,2,Panama,1,17
2014,7,Peru,0,44
2014,7,Peru,1,6
2014,7,Peru,NA,7
2014,1,Philippines,0,34
2014,1,Philippines,1,22
2014,1,Philippines,NA,4
2014,6,Palau,0,4
2014,6,Papua New Guinea,0,29
2014,6,Papua New Guinea,1,8
2014,3,Poland,0,75
2014,3,Poland,1,8
2014,3,Poland,NA,7
2014,1,"Korea, Democratic People's Republic of",0,74
2014,3,Portugal,0,72
2014,3,Portugal,1,7
2014,3,Portugal,NA,7
2014,7,Paraguay,0,100
2014,7,Paraguay,1,10
2014,4,"Palestine, State of",0,31
2014,4,"Palestine, State of",1,2
2014,4,Qatar,0,135
2014,4,Qatar,NA,4
2014,3,Romania,0,129
2014,3,Romania,1,46
2014,3,Russian Federation,0,133
2014,3,Russian Federation,1,1
2014,3,Russian Federation,NA,10
2014,0,Rwanda,0,19
2014,0,Rwanda,1,14
2014,0,Rwanda,NA,11
2014,4,Saudi Arabia,0,92
2014,4,Saudi Arabia,NA,5
2014,0,Sudan,0,72
2014,0,Sudan,1,10
2014,0,Senegal,0,104
2014,0,Senegal,1,10
2014,1,Singapore,0,79
2014,1,Singapore,1,9
2014,1,Singapore,NA,1
2014,6,Solomon Islands,0,7
2014,6,Solomon Islands,1,2
2014,0,Sierra Leone,0,35
2014,0,Sierra Leone,NA,13
2014,2,El Salvador,0,50
2014,2,El Salvador,1,26
2014,3,San Marino,0,37
2014,3,San Marino,1,16
2014,3,San Marino,NA,5
2014,0,Somalia,0,29
2014,0,Somalia,1,4
2014,0,Somalia,NA,6
2014,3,Serbia,0,146
2014,3,Serbia,1,23
2014,3,Serbia,NA,2
2014,0,South Sudan,0,28
2014,0,South Sudan,1,2
2014,0,South Sudan,NA,2
2014,0,Sao Tome and Principe,0,8
2014,0,Sao Tome and Principe,NA,1
2014,7,Suriname,0,6
2014,7,Suriname,1,2
2014,3,Slovakia,0,188
2014,3,Slovakia,1,4
2014,3,Slovenia,0,52
2014,3,Slovenia,1,41
2014,5,Sweden,0,92
2014,5,Sweden,1,39
2014,0,Eswatini,0,9
2014,0,Eswatini,1,3
2014,0,Seychelles,0,6
2014,0,Seychelles,1,6
2014,0,Seychelles,NA,3
2014,4,Syrian Arab Republic,0,28
2014,0,Chad,0,22
2014,0,Chad,1,1
2014,0,Togo,0,18
2014,0,Togo,1,1
2014,1,Thailand,0,62
2014,1,Thailand,1,6
2014,1,Tajikistan,0,36
2014,1,Turkmenistan,0,42
2014,1,Turkmenistan,1,2
2014,1,Timor-Leste,0,16
2014,1,Timor-Leste,1,4
2014,0,Tonga,0,2
2014,0,Tonga,1,2
2014,2,Trinidad and Tobago,0,29
2014,2,Trinidad and Tobago,1,14
2014,0,Tunisia,0,71
2014,0,Tunisia,1,5
2014,4,Türkiye,0,103
2014,4,Türkiye,1,15
2014,6,Tuvalu,0,4
2014,1,"Taiwan, Province of China",0,4
2014,0,"Tanzania, United Republic of",0,108
2014,0,"Tanzania, United Republic of",1,32
2014,0,Uganda,0,48
2014,0,Uganda,1,25
2014,3,Ukraine,0,166
2014,3,Ukraine,1,6
2014,7,Uruguay,0,93
2014,7,Uruguay,1,18
2014,2,United States of America,0,89
2014,2,United States of America,1,38
2014,2,United States of America,NA,43
2014,1,Uzbekistan,0,63
2014,3,Holy See,0,56
2014,2,Saint Vincent and the Grenadines,0,5
2014,2,Saint Vincent and the Grenadines,1,3
2014,7,"Venezuela, Bolivarian Republic of",0,51
2014,7,"Venezuela, Bolivarian Republic of",1,11
2014,7,"Venezuela, Bolivarian Republic of",NA,20
2014,1,Viet Nam,0,101
2014,1,Viet Nam,1,8
2014,6,Vanuatu,0,4
2014,6,Samoa,0,6
2014,6,Samoa,1,1
2014,4,Yemen,0,35
2014,4,Yemen,1,2
2014,4,Yemen,NA,20
2014,0,South Africa,0,68
2014,0,South Africa,1,29
2014,0,South Africa,NA,10
2014,0,Zambia,0,53
2014,0,Zambia,1,24
2014,0,Zambia,NA,1
2014,0,Zimbabwe,0,38
2014,0,Zimbabwe,1,13
2014,0,Zimbabwe,NA,2
2019,3,Kosovo,0,21
2019,3,Kosovo,1,8
2019,1,Afghanistan,0,51
2019,1,Afghanistan,1,12
2019,0,Angola,0,58
2019,0,Angola,1,10
2019,3,Albania,0,38
2019,3,Albania,1,13
2019,3,Andorra,0,7
2019,3,Andorra,1,7
2019,4,United Arab Emirates,0,123
2019,4,United Arab Emirates,1,5
2019,7,Argentina,0,132
2019,7,Argentina,1,37
2019,1,Armenia,0,78
2019,1,Armenia,1,15
2019,2,Antigua and Barbuda,0,10
2019,2,Antigua and Barbuda,1,2
2019,6,Australia,0,114
2019,6,Australia,1,76
2019,3,Austria,0,138
2019,3,Austria,1,55
2019,1,Azerbaijan,0,90
2019,1,Azerbaijan,1,3
2019,0,Burundi,0,19
2019,0,Burundi,1,5
2019,3,Belgium,0,177
2019,3,Belgium,1,9
2019,0,Benin,0,97
2019,0,Benin,1,29
2019,0,Burkina Faso,0,37
2019,0,Burkina Faso,1,13
2019,1,Bangladesh,0,68
2019,1,Bangladesh,1,7
2019,3,Bulgaria,0,74
2019,3,Bulgaria,1,29
2019,4,Bahrain,0,48
2019,4,Bahrain,1,3
2019,2,Bahamas,0,9
2019,2,Bahamas,1,1
2019,3,Bosnia and Herzegovina,0,70
2019,3,Bosnia and Herzegovina,1,14
2019,3,Belarus,0,95
2019,3,Belarus,1,2
2019,2,Belize,0,9
2019,2,Belize,1,4
2019,7,"Bolivia, Plurinational State of",0,29
2019,7,Brazil,0,108
2019,7,Brazil,1,16
2019,2,Barbados,0,8
2019,2,Barbados,1,3
2019,1,Brunei Darussalam,0,45
2019,1,Brunei Darussalam,1,20
2019,1,Bhutan,0,7
2019,1,Bhutan,1,10
2019,0,Botswana,0,31
2019,0,Botswana,1,11
2019,0,Central African Republic,0,8
2019,0,Central African Republic,1,1
2019,2,Canada,0,91
2019,2,Canada,1,90
2019,3,Switzerland,0,149
2019,3,Switzerland,1,44
2019,7,Chile,0,115
2019,7,Chile,1,18
2019,1,China,0,157
2019,1,China,1,16
2019,0,Côte d'Ivoire,0,57
2019,0,Côte d'Ivoire,1,16
2019,0,Cameroon,0,35
2019,0,Cameroon,1,2
2019,0,"Congo, Democratic Republic of the",0,25
2019,0,"Congo, Democratic Republic of the",1,6
2019,0,Congo,0,41
2019,0,Congo,1,4
2019,7,Colombia,0,44
2019,7,Colombia,1,22
2019,0,Comoros,0,4
2019,0,Cabo Verde,0,14
2019,0,Cabo Verde,1,1
2019,2,Costa Rica,0,20
2019,2,Costa Rica,1,12
2019,2,Cuba,0,128
2019,2,Cuba,1,53
2019,3,Cyprus,0,123
2019,3,Cyprus,1,19
2019,3,Czechia,0,162
2019,3,Czechia,1,28
2019,3,Germany,0,156
2019,3,Germany,1,36
2019,0,Djibouti,0,29
2019,0,Djibouti,1,3
2019,2,Dominica,0,4
2019,2,Dominica,1,1
2019,5,Denmark,0,145
2019,5,Denmark,1,41
2019,2,Dominican Republic,0,55
2019,2,Dominican Republic,1,24
2019,0,Algeria,0,56
2019,0,Algeria,1,6
2019,7,Ecuador,0,81
2019,7,Ecuador,1,24
2019,4,Egypt,0,156
2019,4,Egypt,1,10
2019,0,Eritrea,0,18
2019,0,Western Sahara,0,8
2019,3,Spain,0,158
2019,3,Spain,1,26
2019,3,Estonia,0,60
2019,3,Estonia,1,27
2019,0,Ethiopia,0,41
2019,0,Ethiopia,1,13
2019,5,Finland,0,85
2019,5,Finland,1,65
2019,6,Fiji,0,31
2019,6,Fiji,1,3
2019,3,France,0,145
2019,3,France,1,43
2019,6,"Micronesia, Federated States of",0,5
2019,0,Gabon,0,29
2019,0,Gabon,1,2
2019,3,United Kingdom of Great Britain and Northern Ireland,0,121
2019,3,United Kingdom of Great Britain and Northern Ireland,1,68
2019,1,Georgia,0,84
2019,1,Georgia,1,7
2019,0,Ghana,0,20
2019,0,Ghana,1,30
2019,0,Guinea,0,23
2019,0,Guinea,1,4
2019,0,Gambia,0,8
2019,0,Gambia,1,11
2019,0,Guinea-Bissau,0,11
2019,0,Equatorial Guinea,0,129
2019,0,Equatorial Guinea,1,23
2019,3,Greece,0,122
2019,3,Greece,1,32
2019,2,Grenada,0,4
2019,2,Grenada,1,3
2019,2,Guatemala,0,55
2019,2,Guatemala,1,7
2019,2,Guatemala,NA,1
2019,0,Guyana,0,23
2019,0,Guyana,1,4
2019,2,Honduras,0,27
2019,2,Honduras,1,16
2019,3,Croatia,0,141
2019,3,Croatia,1,44
2019,2,Haiti,0,10
2019,2,Haiti,1,1
2019,3,Hungary,0,144
2019,3,Hungary,1,20
2019,1,Indonesia,0,163
2019,1,Indonesia,1,20
2019,1,India,0,110
2019,1,India,1,28
2019,3,Ireland,0,75
2019,3,Ireland,1,47
2019,4,"Iran, Islamic Republic of",0,41
2019,4,"Iran, Islamic Republic of",1,1
2019,4,Iraq,0,44
2019,4,Iraq,1,2
2019,5,Iceland,0,75
2019,5,Iceland,1,44
2019,5,Iceland,NA,4
2019,4,Israel,0,124
2019,4,Israel,1,19
2019,3,Italy,0,103
2019,3,Italy,1,15
2019,2,Jamaica,0,36
2019,2,Jamaica,1,43
2019,4,Jordan,0,55
2019,4,Jordan,1,7
2019,1,Japan,0,181
2019,1,Japan,1,7
2019,1,Kazakhstan,0,63
2019,1,Kazakhstan,1,8
2019,0,Kenya,0,49
2019,0,Kenya,1,11
2019,1,Kyrgyzstan,0,28
2019,1,Kyrgyzstan,1,5
2019,1,Cambodia,0,50
2019,1,Cambodia,1,16
2019,6,Kiribati,0,1
2019,6,Kiribati,1,1
2019,2,Saint Kitts and Nevis,0,1
2019,2,Saint Kitts and Nevis,1,4
2019,1,"Korea, Republic of",0,178
2019,1,"Korea, Republic of",1,12
2019,4,Kuwait,0,50
2019,1,Lao People's Democratic Republic,0,36
2019,1,Lao People's Democratic Republic,1,5
2019,4,Lebanon,0,29
2019,4,Lebanon,1,11
2019,0,Liberia,0,7
2019,0,Liberia,1,11
2019,0,Libya,0,12
2019,0,Libya,1,2
2019,2,Saint Lucia,0,5
2019,2,Saint Lucia,1,2
2019,3,Liechtenstein,0,1
2019,3,Liechtenstein,1,5
2019,1,Sri Lanka,0,99
2019,1,Sri Lanka,1,21
2019,0,Lesotho,0,21
2019,0,Lesotho,1,7
2019,3,Lithuania,0,65
2019,3,Lithuania,1,26
2019,3,Luxembourg,0,43
2019,3,Luxembourg,1,20
2019,3,Latvia,0,43
2019,3,Latvia,1,35
2019,0,Morocco,0,91
2019,0,Morocco,1,20
2019,3,Monaco,0,12
2019,3,Monaco,1,16
2019,3,"Moldova, Republic of",0,50
2019,3,"Moldova, Republic of",1,10
2019,0,Madagascar,0,8
2019,0,Madagascar,1,1
2019,1,Maldives,0,13
2019,1,Maldives,1,8
2019,2,Mexico,0,79
2019,2,Mexico,1,26
2019,6,Marshall Islands,0,7
2019,3,North Macedonia,0,31
2019,3,North Macedonia,1,10
2019,0,Mali,0,31
2019,0,Mali,1,6
2019,3,Malta,0,76
2019,3,Malta,1,10
2019,1,Myanmar,0,41
2019,1,Myanmar,1,7
2019,3,Montenegro,0,53
2019,3,Montenegro,1,8
2019,1,Mongolia,0,49
2019,1,Mongolia,1,9
2019,0,Mozambique,0,60
2019,0,Mozambique,1,11
2019,0,Mauritania,0,33
2019,0,Mauritania,1,2
2019,0,Mauritius,0,32
2019,0,Mauritius,1,2
2019,0,Malawi,0,63
2019,0,Malawi,1,8
2019,1,Malaysia,0,97
2019,1,Malaysia,1,22
2019,0,Namibia,0,27
2019,0,Namibia,1,21
2019,0,Niger,0,15
2019,0,Niger,1,8
2019,0,Nigeria,0,34
2019,0,Nigeria,1,13
2019,2,Nicaragua,0,15
2019,2,Nicaragua,1,13
2019,6,Niue,0,1
2019,3,Netherlands,0,78
2019,3,Netherlands,1,40
2019,5,Norway,0,63
2019,5,Norway,1,43
2019,1,Nepal,0,101
2019,1,Nepal,1,17
2019,6,Nauru,1,3
2019,6,New Zealand,0,114
2019,6,New Zealand,1,43
2019,4,Oman,0,55
2019,4,Oman,1,4
2019,1,Pakistan,0,35
2019,1,Pakistan,1,3
2019,2,Panama,0,50
2019,2,Panama,1,17
2019,2,Panama,NA,1
2019,7,Peru,0,57
2019,7,Peru,1,12
2019,1,Philippines,0,47
2019,1,Philippines,1,28
2019,6,Palau,0,3
2019,6,Papua New Guinea,0,23
2019,6,Papua New Guinea,1,4
2019,3,Poland,0,65
2019,3,Poland,1,19
2019,1,"Korea, Democratic People's Republic of",0,51
2019,1,"Korea, Democratic People's Republic of",NA,1
2019,3,Portugal,0,63
2019,3,Portugal,1,19
2019,7,Paraguay,0,63
2019,7,Paraguay,1,13
2019,4,"Palestine, State of",0,35
2019,4,"Palestine, State of",1,5
2019,4,Qatar,0,66
2019,4,Qatar,1,1
2019,3,Romania,0,100
2019,3,Romania,1,48
2019,3,Russian Federation,0,176
2019,3,Russian Federation,1,4
2019,0,Rwanda,0,37
2019,0,Rwanda,1,15
2019,4,Saudi Arabia,0,109
2019,4,Saudi Arabia,1,1
2019,0,Sudan,0,38
2019,0,Sudan,1,1
2019,0,Senegal,0,81
2019,0,Senegal,1,24
2019,1,Singapore,0,79
2019,1,Singapore,1,12
2019,6,Solomon Islands,0,14
2019,6,Solomon Islands,1,1
2019,0,Sierra Leone,0,25
2019,2,El Salvador,0,30
2019,2,El Salvador,1,25
2019,3,San Marino,0,37
2019,3,San Marino,1,20
2019,0,Somalia,0,14
2019,0,Somalia,1,5
2019,3,Serbia,0,142
2019,3,Serbia,1,24
2019,0,South Sudan,0,18
2019,0,South Sudan,1,1
2019,0,Sao Tome and Principe,0,3
2019,0,Sao Tome and Principe,1,1
2019,7,Suriname,0,9
2019,7,Suriname,1,6
2019,3,Slovakia,0,162
2019,3,Slovakia,1,30
2019,3,Slovenia,0,55
2019,3,Slovenia,1,37
2019,5,Sweden,0,57
2019,5,Sweden,1,69
2019,0,Eswatini,0,27
2019,0,Eswatini,1,8
2019,0,Seychelles,0,45
2019,0,Seychelles,1,34
2019,0,Seychelles,NA,2
2019,4,Syrian Arab Republic,0,10
2019,4,Syrian Arab Republic,1,2
2019,0,Chad,0,14
2019,0,Chad,1,10
2019,0,Togo,0,20
2019,1,Thailand,0,58
2019,1,Thailand,1,19
2019,1,Thailand,NA,1
2019,1,Tajikistan,0,39
2019,1,Turkmenistan,0,39
2019,1,Timor-Leste,0,12
2019,1,Timor-Leste,1,7
2019,0,Tonga,0,3
2019,0,Tonga,1,5
2019,2,Trinidad and Tobago,0,38
2019,2,Trinidad and Tobago,1,4
2019,0,Tunisia,0,70
2019,0,Tunisia,1,7
2019,4,Türkiye,0,134
2019,4,Türkiye,1,45
2019,6,Tuvalu,0,5
2019,6,Tuvalu,1,1
2019,0,"Tanzania, United Republic of",0,106
2019,0,"Tanzania, United Republic of",1,8
2019,0,Uganda,0,60
2019,0,Uganda,1,29
2019,3,Ukraine,0,144
2019,3,Ukraine,1,7
2019,7,Uruguay,0,42
2019,7,Uruguay,1,5
2019,2,United States of America,0,110
2019,2,United States of America,1,49
2019,1,Uzbekistan,0,38
2019,3,Holy See,0,55
2019,2,Saint Vincent and the Grenadines,0,8
2019,2,Saint Vincent and the Grenadines,1,2
2019,7,"Venezuela, Bolivarian Republic of",0,120
2019,7,"Venezuela, Bolivarian Republic of",1,29
2019,1,Viet Nam,0,77
2019,1,Viet Nam,1,14
2019,6,Vanuatu,0,4
2019,6,Samoa,0,12
2019,6,Samoa,1,3
2019,4,Yemen,0,26
2019,4,Yemen,1,7
2019,0,South Africa,0,82
2019,0,South Africa,1,68
2019,0,Zambia,0,37
2019,0,Zambia,1,17
2019,0,Zimbabwe,0,36
2019,0,Zimbabwe,1,6
2021,3,Kosovo,0,25
2021,3,Kosovo,1,9
2021,0,Angola,0,138
2021,0,Angola,1,38
2021,0,Angola,NA,2
2021,3,Albania,0,61
2021,3,Albania,1,20
2021,3,Albania,NA,2
2021,3,Andorra,0,18
2021,3,Andorra,1,20
2021,4,United Arab Emirates,0,124
2021,4,United Arab Emirates,1,14
2021,4,United Arab Emirates,NA,1
2021,7,Argentina,0,137
2021,7,Argentina,1,32
2021,1,Armenia,0,74
2021,1,Armenia,1,20
2021,2,Antigua and Barbuda,0,10
2021,2,Antigua and Barbuda,1,2
2021,6,Australia,0,125
2021,6,Australia,1,65
2021,3,Austria,0,135
2021,3,Austria,1,58
2021,1,Azerbaijan,0,89
2021,1,Azerbaijan,1,3
2021,1,Azerbaijan,NA,1
2021,0,Burundi,0,17
2021,0,Burundi,1,7
2021,3,Belgium,0,174
2021,3,Belgium,1,12
2021,0,Benin,0,95
2021,0,Benin,1,23
2021,0,Benin,NA,13
2021,0,Burkina Faso,0,39
2021,0,Burkina Faso,1,10
2021,0,Burkina Faso,NA,1
2021,1,Bangladesh,0,66
2021,1,Bangladesh,1,7
2021,1,Bangladesh,NA,3
2021,3,Bulgaria,0,64
2021,3,Bulgaria,1,36
2021,3,Bulgaria,NA,3
2021,4,Bahrain,0,49
2021,4,Bahrain,1,4
2021,4,Bahrain,NA,1
2021,2,Bahamas,0,8
2021,2,Bahamas,1,2
2021,3,Bosnia and Herzegovina,0,74
2021,3,Bosnia and Herzegovina,1,9
2021,3,Bosnia and Herzegovina,NA,2
2021,3,Belarus,0,97
2021,3,Belarus,NA,1
2021,2,Belize,0,10
2021,2,Belize,1,3
2021,2,Belize,NA,2
2021,7,"Bolivia, Plurinational State of",0,20
2021,7,"Bolivia, Plurinational State of",1,9
2021,7,Brazil,0,97
2021,7,Brazil,1,17
2021,7,Brazil,NA,10
2021,2,Barbados,0,8
2021,2,Barbados,1,4
2021,1,Brunei Darussalam,0,45
2021,1,Brunei Darussalam,1,17
2021,1,Brunei Darussalam,NA,3
2021,1,Bhutan,0,13
2021,1,Bhutan,1,4
2021,0,Botswana,0,26
2021,0,Botswana,1,16
2021,0,Central African Republic,0,8
2021,0,Central African Republic,1,1
2021,2,Canada,0,104
2021,2,Canada,1,76
2021,2,Canada,NA,1
2021,3,Switzerland,0,151
2021,3,Switzerland,1,43
2021,7,Chile,0,99
2021,7,Chile,1,35
2021,7,Chile,NA,3
2021,1,China,0,151
2021,1,China,1,21
2021,1,China,NA,1
2021,0,Côte d'Ivoire,0,66
2021,0,Côte d'Ivoire,1,6
2021,0,Côte d'Ivoire,NA,1
2021,0,Cameroon,0,33
2021,0,Cameroon,1,3
2021,0,Cameroon,NA,1
2021,0,"Congo, Democratic Republic of the",0,24
2021,0,"Congo, Democratic Republic of the",1,7
2021,0,Congo,0,38
2021,0,Congo,1,6
2021,0,Congo,NA,1
2021,7,Colombia,0,48
2021,7,Colombia,1,18
2021,0,Comoros,0,4
2021,0,Cabo Verde,0,13
2021,0,Cabo Verde,1,1
2021,2,Costa Rica,0,21
2021,2,Costa Rica,1,11
2021,2,Cuba,0,129
2021,2,Cuba,1,49
2021,2,Cuba,NA,3
2021,3,Cyprus,0,116
2021,3,Cyprus,1,19
2021,3,Cyprus,NA,7
2021,3,Czechia,0,156
2021,3,Czechia,1,34
2021,3,Germany,0,147
2021,3,Germany,1,47
2021,0,Djibouti,0,32
2021,0,Djibouti,1,1
2021,2,Dominica,0,3
2021,2,Dominica,NA,2
2021,5,Denmark,0,132
2021,5,Denmark,1,52
2021,5,Denmark,NA,5
2021,2,Dominican Republic,0,53
2021,2,Dominican Republic,1,27
2021,0,Algeria,0,54
2021,0,Algeria,1,6
2021,0,Algeria,NA,6
2021,7,Ecuador,0,89
2021,7,Ecuador,1,15
2021,7,Ecuador,NA,1
2021,4,Egypt,0,143
2021,4,Egypt,1,11
2021,4,Egypt,NA,12
2021,0,Eritrea,0,18
2021,0,Western Sahara,0,7
2021,0,Western Sahara,NA,1
2021,3,Spain,0,144
2021,3,Spain,1,40
2021,3,Spain,NA,3
2021,3,Estonia,0,60
2021,3,Estonia,1,27
2021,0,Ethiopia,0,44
2021,0,Ethiopia,1,9
2021,0,Ethiopia,NA,1
2021,5,Finland,0,64
2021,5,Finland,1,85
2021,5,Finland,NA,1
2021,6,Fiji,0,39
2021,6,Fiji,NA,4
2021,3,France,0,138
2021,3,France,1,49
2021,3,France,NA,1
2021,6,"Micronesia, Federated States of",0,5
2021,0,Gabon,0,71
2021,0,Gabon,1,15
2021,0,Gabon,NA,1
2021,3,United Kingdom of Great Britain and Northern Ireland,0,114
2021,3,United Kingdom of Great Britain and Northern Ireland,1,75
2021,1,Georgia,0,114
2021,1,Georgia,1,11
2021,1,Georgia,NA,14
2021,0,Ghana,0,38
2021,0,Ghana,1,58
2021,0,Ghana,NA,12
2021,0,Guinea,0,21
2021,0,Guinea,1,5
2021,0,Guinea,NA,2
2021,0,Gambia,0,18
2021,0,Gambia,1,8
2021,0,Gambia,NA,2
2021,0,Guinea-Bissau,0,12
2021,0,Guinea-Bissau,1,1
2021,0,Equatorial Guinea,0,124
2021,0,Equatorial Guinea,1,20
2021,0,Equatorial Guinea,NA,10
2021,3,Greece,0,142
2021,3,Greece,1,49
2021,2,Grenada,0,3
2021,2,Grenada,1,5
2021,2,Guatemala,0,55
2021,2,Guatemala,1,10
2021,2,Guatemala,NA,4
2021,0,Guyana,0,25
2021,0,Guyana,1,1
2021,0,Guyana,NA,1
2021,2,Honduras,0,22
2021,2,Honduras,1,14
2021,2,Honduras,NA,8
2021,3,Croatia,0,140
2021,3,Croatia,1,45
2021,2,Haiti,0,11
2021,2,Haiti,1,1
2021,3,Hungary,0,144
2021,3,Hungary,1,29
2021,3,Hungary,NA,2
2021,1,Indonesia,0,167
2021,1,Indonesia,1,18
2021,1,Indonesia,NA,1
2021,1,India,0,138
2021,1,India,1,18
2021,1,India,NA,2
2021,3,Ireland,0,82
2021,3,Ireland,1,55
2021,4,"Iran, Islamic Republic of",0,73
2021,4,"Iran, Islamic Republic of",1,1
2021,4,"Iran, Islamic Republic of",NA,1
2021,4,Iraq,0,45
2021,4,Iraq,NA,1
2021,5,Iceland,0,78
2021,5,Iceland,1,43
2021,5,Iceland,NA,7
2021,4,Israel,0,120
2021,4,Israel,1,22
2021,4,Israel,NA,1
2021,3,Italy,0,139
2021,3,Italy,1,17
2021,2,Jamaica,0,35
2021,2,Jamaica,1,59
2021,4,Jordan,0,44
2021,4,Jordan,1,11
2021,4,Jordan,NA,9
2021,1,Japan,0,183
2021,1,Japan,1,4
2021,1,Japan,NA,1
2021,1,Kazakhstan,0,77
2021,1,Kazakhstan,1,2
2021,1,Kazakhstan,NA,1
2021,0,Kenya,0,54
2021,0,Kenya,1,22
2021,1,Kyrgyzstan,0,37
2021,1,Kyrgyzstan,1,2
2021,1,Cambodia,0,57
2021,1,Cambodia,1,9
2021,1,Cambodia,NA,1
2021,6,Kiribati,0,2
2021,2,Saint Kitts and Nevis,0,2
2021,2,Saint Kitts and Nevis,1,4
2021,1,"Korea, Republic of",0,189
2021,1,"Korea, Republic of",1,1
2021,4,Kuwait,0,46
2021,4,Kuwait,1,1
2021,4,Kuwait,NA,4
2021,1,Lao People's Democratic Republic,0,36
2021,1,Lao People's Democratic Republic,1,5
2021,4,Lebanon,0,25
2021,4,Lebanon,1,11
2021,4,Lebanon,NA,4
2021,0,Liberia,0,7
2021,0,Liberia,1,11
2021,0,Libya,0,5
2021,0,Libya,1,1
2021,0,Libya,NA,8
2021,2,Saint Lucia,0,6
2021,2,Saint Lucia,1,1
2021,3,Liechtenstein,0,1
2021,3,Liechtenstein,1,5
2021,1,Sri Lanka,0,97
2021,1,Sri Lanka,1,31
2021,1,Sri Lanka,NA,1
2021,0,Lesotho,0,19
2021,0,Lesotho,1,6
2021,0,Lesotho,NA,3
2021,3,Lithuania,0,69
2021,3,Lithuania,1,24
2021,3,Luxembourg,0,46
2021,3,Luxembourg,1,17
2021,3,Latvia,0,46
2021,3,Latvia,1,32
2021,0,Morocco,0,86
2021,0,Morocco,1,22
2021,0,Morocco,NA,3
2021,3,Monaco,0,12
2021,3,Monaco,1,9
2021,3,Monaco,NA,5
2021,3,"Moldova, Republic of",0,48
2021,3,"Moldova, Republic of",1,8
2021,3,"Moldova, Republic of",NA,6
2021,0,Madagascar,0,57
2021,0,Madagascar,1,120
2021,1,Maldives,0,10
2021,1,Maldives,1,11
2021,2,Mexico,0,112
2021,2,Mexico,1,26
2021,2,Mexico,NA,11
2021,6,Marshall Islands,0,7
2021,3,North Macedonia,0,32
2021,3,North Macedonia,1,11
2021,3,North Macedonia,NA,4
2021,6,North Macedonia,NA,1
2021,0,Mali,0,29
2021,0,Mali,1,6
2021,0,Mali,NA,2
2021,3,Malta,0,79
2021,3,Malta,1,7
2021,3,Malta,NA,1
2021,1,Myanmar,0,36
2021,1,Myanmar,1,6
2021,1,Myanmar,NA,6
2021,3,Montenegro,0,34
2021,3,Montenegro,1,27
2021,1,Mongolia,0,50
2021,1,Mongolia,1,8
2021,1,Mongolia,NA,3
2021,0,Mozambique,0,62
2021,0,Mozambique,1,10
2021,0,Mauritania,0,38
2021,0,Mauritania,NA,1
2021,0,Mauritius,0,23
2021,0,Mauritius,1,10
2021,0,Mauritius,NA,1
2021,0,Malawi,0,109
2021,0,Malawi,1,14
2021,0,Malawi,NA,4
2021,1,Malaysia,0,112
2021,1,Malaysia,1,36
2021,1,Malaysia,NA,6
2021,0,Namibia,0,71
2021,0,Namibia,1,36
2021,0,Niger,0,21
2021,0,Niger,1,4
2021,0,Niger,NA,1
2021,0,Nigeria,0,36
2021,0,Nigeria,1,18
2021,2,Nicaragua,0,14
2021,2,Nicaragua,1,13
2021,2,Nicaragua,NA,2
2021,6,Niue,0,1
2021,3,Netherlands,0,84
2021,3,Netherlands,1,50
2021,3,Netherlands,NA,1
2021,5,Norway,0,89
2021,5,Norway,1,52
2021,5,Norway,NA,1
2021,1,Nepal,0,112
2021,1,Nepal,1,8
2021,6,Nauru,1,3
2021,6,New Zealand,0,88
2021,6,New Zealand,1,66
2021,6,New Zealand,NA,5
2021,4,Oman,0,56
2021,4,Oman,NA,2
2021,1,Pakistan,0,35
2021,1,Pakistan,1,1
2021,1,Pakistan,NA,2
2021,2,Panama,0,36
2021,2,Panama,1,27
2021,2,Panama,NA,5
2021,7,Peru,0,55
2021,7,Peru,1,10
2021,7,Peru,NA,7
2021,1,Philippines,0,45
2021,1,Philippines,1,32
2021,1,Philippines,NA,1
2021,6,Palau,0,2
2021,6,Palau,1,1
2021,6,Papua New Guinea,0,19
2021,6,Papua New Guinea,1,5
2021,6,Papua New Guinea,NA,3
2021,3,Poland,0,65
2021,3,Poland,1,20
2021,1,"Korea, Democratic People's Republic of",0,47
2021,1,"Korea, Democratic People's Republic of",NA,6
2021,3,Portugal,0,63
2021,3,Portugal,1,17
2021,3,Portugal,NA,4
2021,7,Paraguay,0,75
2021,7,Paraguay,1,24
2021,7,Paraguay,NA,1
2021,4,"Palestine, State of",0,33
2021,4,"Palestine, State of",1,7
2021,4,Qatar,0,70
2021,4,Qatar,1,3
2021,4,Qatar,NA,1
2021,3,Romania,0,97
2021,3,Romania,1,50
2021,3,Romania,NA,2
2021,3,Russian Federation,0,173
2021,3,Russian Federation,1,4
2021,3,Russian Federation,NA,3
2021,0,Rwanda,0,47
2021,0,Rwanda,1,22
2021,0,Rwanda,NA,2
2021,4,Saudi Arabia,0,108
2021,4,Saudi Arabia,1,4
2021,4,Saudi Arabia,NA,2
2021,0,Sudan,0,24
2021,0,Sudan,1,8
2021,0,Sudan,NA,8
2021,0,Senegal,0,80
2021,0,Senegal,1,21
2021,0,Senegal,NA,5
2021,1,Singapore,0,79
2021,1,Singapore,1,11
2021,1,Singapore,NA,1
2021,6,Solomon Islands,0,15
2021,6,Solomon Islands,NA,1
2021,0,Sierra Leone,0,39
2021,2,El Salvador,0,36
2021,2,El Salvador,1,18
2021,2,El Salvador,NA,1
2021,3,San Marino,0,35
2021,3,San Marino,1,19
2021,3,San Marino,NA,4
2021,0,Somalia,0,12
2021,0,Somalia,1,6
2021,0,Somalia,NA,4
2021,3,Serbia,0,130
2021,3,Serbia,1,37
2021,0,South Sudan,0,18
2021,0,South Sudan,NA,1
2021,0,Sao Tome and Principe,0,1
2021,0,Sao Tome and Principe,1,1
2021,0,Sao Tome and Principe,NA,2
2021,7,Suriname,0,5
2021,7,Suriname,1,13
2021,3,Slovakia,0,159
2021,3,Slovakia,1,34
2021,3,Slovenia,0,62
2021,3,Slovenia,1,35
2021,3,Slovenia,NA,1
2021,5,Sweden,0,58
2021,5,Sweden,1,67
2021,5,Sweden,NA,1
2021,0,Eswatini,0,19
2021,0,Eswatini,NA,16
2021,0,Seychelles,0,56
2021,0,Seychelles,1,23
2021,0,Seychelles,NA,2
2021,4,Syrian Arab Republic,0,10
2021,4,Syrian Arab Republic,1,2
2021,0,Chad,0,24
2021,0,Togo,0,18
2021,0,Togo,NA,2
2021,1,Thailand,0,63
2021,1,Thailand,1,22
2021,1,Thailand,NA,1
2021,1,Tajikistan,0,42
2021,1,Tajikistan,1,1
2021,1,Turkmenistan,0,40
2021,1,Turkmenistan,NA,1
2021,1,Timor-Leste,0,11
2021,1,Timor-Leste,1,7
2021,1,Timor-Leste,NA,1
2021,0,Tonga,0,4
2021,0,Tonga,1,4
2021,2,Trinidad and Tobago,0,52
2021,2,Trinidad and Tobago,1,2
2021,2,Trinidad and Tobago,NA,1
2021,0,Tunisia,0,67
2021,0,Tunisia,1,11
2021,4,Türkiye,0,129
2021,4,Türkiye,1,55
2021,6,Tuvalu,0,5
2021,6,Tuvalu,1,1
2021,0,"Tanzania, United Republic of",0,113
2021,0,"Tanzania, United Republic of",1,21
2021,0,"Tanzania, United Republic of",NA,1
2021,0,Uganda,0,78
2021,0,Uganda,1,36
2021,3,Ukraine,0,117
2021,3,Ukraine,1,33
2021,3,Ukraine,NA,5
2021,7,Uruguay,0,42
2021,7,Uruguay,1,8
2021,2,United States of America,0,88
2021,2,United States of America,1,72
2021,1,Uzbekistan,0,31
2021,1,Uzbekistan,NA,3
2021,3,Holy See,0,176
2021,3,Holy See,NA,8
2021,2,Saint Vincent and the Grenadines,0,12
2021,2,Saint Vincent and the Grenadines,1,2
2021,7,"Venezuela, Bolivarian Republic of",0,113
2021,7,"Venezuela, Bolivarian Republic of",1,37
2021,7,"Venezuela, Bolivarian Republic of",NA,2
2021,1,Viet Nam,0,105
2021,1,Viet Nam,1,14
2021,1,Viet Nam,NA,1
2021,6,Vanuatu,0,4
2021,6,Samoa,0,5
2021,6,Samoa,1,8
2021,6,Samoa,NA,7
2021,4,Yemen,0,32
2021,4,Yemen,1,1
2021,4,Yemen,NA,2
2021,0,South Africa,0,87
2021,0,South Africa,1,77
2021,0,South Africa,NA,7
2021,0,Zambia,0,27
2021,0,Zambia,1,19
2021,0,Zambia,NA,8
2021,0,Zimbabwe,0,32
2021,0,Zimbabwe,1,8
2021,0,Zimbabwe,NA,2
