year,continent,country,party_tag,membership_1000,population_mln,survived,marxist
1945,Europe,USSR,CPSU,3965,170,0,1
1946,Europe,USSR,CPSU,4128,170,0,1
1947,Europe,USSR,CPSU,4775,173,0,1
1948,Europe,USSR,CPSU,5181,175,0,1
1949,Europe,USSR,CPSU,5335,178,0,1
1950,Europe,USSR,CPSU,5511,181,0,1
1951,Europe,USSR,CPSU,5658,184,0,1
1952,Europe,USSR,CPSU,5853,186,0,1
1953,Europe,USSR,CPSU,6067,190,0,1
1954,Europe,USSR,CPSU,6402,191,0,1
1955,Europe,USSR,CPSU,6610,194,0,1
1956,Europe,USSR,CPSU,6768,198,0,1
1957,Europe,USSR,CPSU,7001,201,0,1
1958,Europe,USSR,CPSU,7296,205,0,1
1959,Europe,USSR,CPSU,7622,209,0,1
1960,Europe,USSR,CPSU,8017,212,0,1
1961,Europe,USSR,CPSU,8472,216,0,1
1962,Europe,USSR,CPSU,9052,220,0,1
1963,Europe,USSR,CPSU,9581,223,0,1
1964,Europe,USSR,CPSU,10183,226,0,1
1965,Europe,USSR,CPSU,10811,230,0,1
1966,Europe,USSR,CPSU,11548,233,0,1
1967,Europe,USSR,CPSU,12135,235,0,1
1968,Europe,USSR,CPSU,12485,238,0,1
1969,Europe,USSR,CPSU,12958,240,0,1
1970,Europe,USSR,CPSU,13395,242,0,1
1971,Europe,USSR,CPSU,13746,244,0,1
1972,Europe,USSR,CPSU,14109,247,0,1
1973,Europe,USSR,CPSU,14330,249,0,1
1974,Europe,USSR,CPSU,14493,251,0,1
1975,Europe,USSR,CPSU,14719,254,0,1
1976,Europe,USSR,CPSU,15029,256,0,1
1977,Europe,USSR,CPSU,15545,258,0,1
1978,Europe,USSR,CPSU,15700,260,0,1
1979,Europe,USSR,CPSU,15900,262,0,1
1980,Europe,USSR,CPSU,16398,265,0,1
1981,Europe,USSR,CPSU,16732,267,0,1
1982,Europe,USSR,CPSU,17076,270,0,1
1983,Europe,USSR,CPSU,17405,272,0,1
1984,Europe,USSR,CPSU,17719,274,0,1
1985,Europe,USSR,CPSU,18042,277,0,1
1986,Europe,USSR,CPSU,18900,280,0,1
1987,Europe,USSR,CPSU,19164,282,0,1
1988,Europe,USSR,CPSU,19356,285,0,1
1989,Europe,USSR,CPSU,19375,287,0,1
1990,Europe,USSR,CPSU,19228,288,0,1
1991,Europe,USSR,CPSU,14421,293,0,1
1949,Asia,China,CCP,4500,542,2,1
1950,Asia,China,CCP,5000,546,2,1
1951,Asia,China,CCP,5800,557,2,1
1952,Asia,China,CCP,5980,569,2,1
1953,Asia,China,CCP,6389,581,2,1
1954,Asia,China,CCP,6500,595,2,1
1955,Asia,China,CCP,9000,609,2,1
1956,Asia,China,CCP,10730,621,2,1
1957,Asia,China,CCP,12720,637,2,1
1958,Asia,China,CCP,12450,653,2,1
1959,Asia,China,CCP,13960,666,2,1
1960,Asia,China,CCP,15670,667,2,1
1961,Asia,China,CCP,17380,660,2,1
1962,Asia,China,CCP,17590,666,2,1
1963,Asia,China,CCP,17800,682,2,1
1964,Asia,China,CCP,18011,698,2,1
1965,Asia,China,CCP,18954,715,2,1
1966,Asia,China,CCP,20000,735,2,1
1967,Asia,China,CCP,20500,754,2,1
1968,Asia,China,CCP,21500,774,2,1
1969,Asia,China,CCP,22000,796,2,1
1970,Asia,China,CCP,19500,818,2,1
1971,Asia,China,CCP,17000,841,2,1
1972,Asia,China,CCP,20000,862,2,1
1973,Asia,China,CCP,28000,882,2,1
1974,Asia,China,CCP,30000,900,2,1
1975,Asia,China,CCP,32000,916,2,1
1976,Asia,China,CCP,35070,931,2,1
1977,Asia,China,CCP,35000,943,2,1
1978,Asia,China,CCP,36000,956,2,1
1979,Asia,China,CCP,37000,969,2,1
1980,Asia,China,CCP,38000,981,2,1
1981,Asia,China,CCP,38900,994,2,1
1982,Asia,China,CCP,39650,1008,2,1
1983,Asia,China,CCP,40950,1020,2,1
1984,Asia,China,CCP,41000,1035,2,1
1985,Asia,China,CCP,42000,1045,2,1
1986,Asia,China,CCP,44000,1067,2,1
1987,Asia,China,CCP,46012,1084,2,1
1988,Asia,China,CCP,48000,1102,2,1
1989,Asia,China,CCP,49000,1119,2,1
1990,Asia,China,CCP,50000,1135,2,1
1991,Asia,China,CCP,51956,1151,2,1
1992,Asia,China,CCP,52000,1165,2,1
1993,Asia,China,CCP,54000,1178,2,1
1994,Asia,China,CCP,55000,1192,2,1
1995,Asia,China,CCP,57000,1205,2,1
1996,Asia,China,CCP,58000,1217,2,1
1997,Asia,China,CCP,60400,1230,2,1
1998,Asia,China,CCP,61000,1242,2,1
1999,Asia,China,CCP,63000,1253,2,1
2000,Asia,China,CCP,64517,1263,2,1
2001,Asia,China,CCP,65749,1272,2,1
2002,Asia,China,CCP,66355,1280,2,1
2003,Asia,China,CCP,68232,1288,2,1
2004,Asia,China,CCP,69603,1296,2,1
2005,Asia,China,CCP,70800,1304,2,1
2006,Asia,China,CCP,72391,1311,2,1
2007,Asia,China,CCP,74153,1318,2,1
2008,Asia,China,CCP,75931,1325,2,1
2009,Asia,China,CCP,77995,1331,2,1
2010,Asia,China,CCP,80269,1338,2,1
2011,Asia,China,CCP,82602,1344,2,1
2012,Asia,China,CCP,85127,1354,2,1
2013,Asia,China,CCP,86686,1361,2,1
2014,Asia,China,CCP,87793,1368,2,1
2015,Asia,China,CCP,88758,1375,2,1
2016,Asia,China,CCP,89447,1383,2,1
2017,Asia,China,CCP,89564,1390,2,1
2018,Asia,China,CCP,90594,1395,2,1
2019,Asia,China,CCP,91914,1400,2,1
1945,Europe,Yugoslavia,LCY,141,15,0,1
1946,Europe,Yugoslavia,LCY,258,15.3,0,1
1947,Europe,Yugoslavia,LCY,285,15.679,0,1
1948,Europe,Yugoslavia,LCY,483,15.901,0,1
1949,Europe,Yugoslavia,LCY,531,16.133,0,1
1950,Europe,Yugoslavia,LCY,607,16.34,0,1
1951,Europe,Yugoslavia,LCY,705,16.578,0,1
1952,Europe,Yugoslavia,LCY,773,16.793,0,1
1953,Europe,Yugoslavia,LCY,700,17.049,0,1
1954,Europe,Yugoslavia,LCY,655,17.284,0,1
1955,Europe,Yugoslavia,LCY,625,17.522,0,1
1956,Europe,Yugoslavia,LCY,649,17.691,0,1
1957,Europe,Yugoslavia,LCY,755,17.865,0,1
1958,Europe,Yugoslavia,LCY,830,18.035,0,1
1959,Europe,Yugoslavia,LCY,936,18.226,0,1
1960,Europe,Yugoslavia,LCY,1006,18.402,0,1
1961,Europe,Yugoslavia,LCY,1035,18.593,0,1
1962,Europe,Yugoslavia,LCY,1018,18.816,0,1
1963,Europe,Yugoslavia,LCY,1019,19.036,0,1
1964,Europe,Yugoslavia,LCY,1031,19.26,0,1
1965,Europe,Yugoslavia,LCY,1046,19.49,0,1
1966,Europe,Yugoslavia,LCY,1046,19.739,0,1
1967,Europe,Yugoslavia,LCY,1013,19.96,0,1
1968,Europe,Yugoslavia,LCY,1146,20.121,0,1
1969,Europe,Yugoslavia,LCY,1112,20.251,0,1
1970,Europe,Yugoslavia,LCY,1049,20.386,0,1
1971,Europe,Yugoslavia,LCY,1025,20.58,0,1
1972,Europe,Yugoslavia,LCY,1010,20.797,0,1
1973,Europe,Yugoslavia,LCY,1077,21.008,0,1
1974,Europe,Yugoslavia,LCY,1192,21.223,0,1
1975,Europe,Yugoslavia,LCY,1302,21.441,0,1
1976,Europe,Yugoslavia,LCY,1460,21.674,0,1
1977,Europe,Yugoslavia,LCY,1623,21.901,0,1
1978,Europe,Yugoslavia,LCY,1774,22.122,0,1
1979,Europe,Yugoslavia,LCY,1884,22.297,0,1
1980,Europe,Yugoslavia,LCY,2041,22.359,0,1
1981,Europe,Yugoslavia,LCY,2117,22.499,0,1
1982,Europe,Yugoslavia,LCY,2154,22.646,0,1
1983,Europe,Yugoslavia,LCY,2201,22.801,0,1
1984,Europe,Yugoslavia,LCY,2500,22.955,0,1
1985,Europe,Yugoslavia,LCY,2400,23.121,0,1
1986,Europe,Yugoslavia,LCY,2000,23.259,0,1
1987,Europe,Yugoslavia,LCY,1950,23.393,0,1
1988,Europe,Yugoslavia,LCY,1701,23.526,0,1
1989,Europe,Yugoslavia,LCY,1601,23.594,0,1
1990,Europe,Yugoslavia,LCY,1240,23.658,0,1
1951,Asia,Vietnam,CPV,400,25.364,2,1
1952,Asia,Vietnam,CPV,766,25.977,2,1
1953,Asia,Vietnam,CPV,NA,26.646,2,1
1954,Asia,Vietnam,CPV,NA,27.37,2,1
1955,Asia,Vietnam,CPV,NA,28.147,2,1
1956,Asia,Vietnam,CPV,NA,28.973,2,1
1957,Asia,Vietnam,CPV,NA,29.844,2,1
1958,Asia,Vietnam,CPV,NA,30.754,2,1
1959,Asia,Vietnam,CPV,NA,31.698,2,1
1960,Asia,Vietnam,CPV,NA,32.67,2,1
1961,Asia,Vietnam,CPV,500,33.666,2,1
1962,Asia,Vietnam,CPV,535,34.683,2,1
1963,Asia,Vietnam,CPV,560,35.721217,2,1
1964,Asia,Vietnam,CPV,620,36.779999,2,1
1965,Asia,Vietnam,CPV,700,37.858951,2,1
1966,Asia,Vietnam,CPV,775,38.958048,2,1
1967,Asia,Vietnam,CPV,760,40.072948,2,1
1968,Asia,Vietnam,CPV,820,41.193601,2,1
1969,Asia,Vietnam,CPV,880,42.307146,2,1
1970,Asia,Vietnam,CPV,910,43.404793,2,1
1971,Asia,Vietnam,CPV,950,44.484035,2,1
1972,Asia,Vietnam,CPV,1000,45.548479,2,1
1973,Asia,Vietnam,CPV,1050,46.603525,2,1
1974,Asia,Vietnam,CPV,1100,47.657561,2,1
1975,Asia,Vietnam,CPV,1400,48.718189,2,1
1976,Asia,Vietnam,CPV,1553,49.785282,2,1
1977,Asia,Vietnam,CPV,1543,50.861162,2,1
1978,Asia,Vietnam,CPV,1553,51.959015,2,1
1979,Asia,Vietnam,CPV,1570,53.095408,2,1
1980,Asia,Vietnam,CPV,1600,54.281846,2,1
1981,Asia,Vietnam,CPV,1650,55.522803,2,1
1982,Asia,Vietnam,CPV,1700,56.814306,2,1
1983,Asia,Vietnam,CPV,1727,58.148384,2,1
1984,Asia,Vietnam,CPV,1754,59.512619,2,1
1985,Asia,Vietnam,CPV,1818,60.896721,2,1
1986,Asia,Vietnam,CPV,1923,62.293856,2,1
1987,Asia,Vietnam,CPV,1950,63.701972,2,1
1988,Asia,Vietnam,CPV,2000,65.120439,2,1
1989,Asia,Vietnam,CPV,2050,66.550234,2,1
1990,Asia,Vietnam,CPV,2100,67.988862,2,1
1991,Asia,Vietnam,CPV,2149,69.436954,2,1
1992,Asia,Vietnam,CPV,2155,70.883481,2,1
1993,Asia,Vietnam,CPV,2150,72.300308,2,1
1994,Asia,Vietnam,CPV,2145,73.651218,2,1
1995,Asia,Vietnam,CPV,2150,74.910461,2,1
1996,Asia,Vietnam,CPV,2140,76.068743,2,1
1997,Asia,Vietnam,CPV,2130,77.133214,2,1
1998,Asia,Vietnam,CPV,2200,78.115710000000007,2,1
1999,Asia,Vietnam,CPV,2250,79.035871,2,1
2000,Asia,Vietnam,CPV,2350,79.910412,2,1
2001,Asia,Vietnam,CPV,2400,80.742499,2,1
2002,Asia,Vietnam,CPV,2480,81.534407,2,1
2003,Asia,Vietnam,CPV,2668,82.301656,2,1
2004,Asia,Vietnam,CPV,2856,83.062821,2,1
2005,Asia,Vietnam,CPV,3044,83.832661,2,1
2006,Asia,Vietnam,CPV,3232,84.61754,2,1
2007,Asia,Vietnam,CPV,3100,85.419591,2,1
2008,Asia,Vietnam,CPV,3225,86.243413,2,1
2009,Asia,Vietnam,CPV,3350,87.092252,2,1
2010,Asia,Vietnam,CPV,3475,87.967651,2,1
2011,Asia,Vietnam,CPV,3636,88.871561,2,1
2012,Asia,Vietnam,CPV,3600,89.802487,2,1
2013,Asia,Vietnam,CPV,3900,90.753472,2,1
2014,Asia,Vietnam,CPV,4100,91.714595,2,1
2015,Asia,Vietnam,CPV,4481,92.677076,2,1
2016,Asia,Vietnam,CPV,4650,93.638724,2,1
2017,Asia,Vietnam,CPV,4500,94.596642,2,1
2018,Asia,Vietnam,CPV,4750,95.540395,2,1
2019,Asia,Vietnam,CPV,5057,96.462106,2,1
2020,Asia,Vietnam,CPV,5200,97.338579,2,1
1949,Asia,Taiwan,KMT,34,542,1,0
1950,Asia,Taiwan,KMT,50,7.602,1,0
1951,Asia,Taiwan,KMT,115,7.931,1,0
1952,Asia,Taiwan,KMT,282,8.251,1,0
1953,Asia,Taiwan,KMT,327,8.565,1,0
1954,Asia,Taiwan,KMT,373,8.877,1,0
1955,Asia,Taiwan,KMT,418,9.19,1,0
1956,Asia,Taiwan,KMT,464,9.506,1,0
1957,Asia,Taiwan,KMT,509,9.83,1,0
1958,Asia,Taiwan,KMT,535,10.164,1,0
1959,Asia,Taiwan,KMT,561,10.512,1,0
1960,Asia,Taiwan,KMT,588,10.876,1,0
1961,Asia,Taiwan,KMT,614,11.258,1,0
1962,Asia,Taiwan,KMT,640,11.655,1,0
1963,Asia,Taiwan,KMT,667,12.065,1,0
1964,Asia,Taiwan,KMT,717,12.482,1,0
1965,Asia,Taiwan,KMT,768,12.901,1,0
1966,Asia,Taiwan,KMT,818,13.322,1,0
1967,Asia,Taiwan,KMT,869,13.743,1,0
1968,Asia,Taiwan,KMT,919,14.157,1,0
1969,Asia,Taiwan,KMT,951,14.553,1,0
1970,Asia,Taiwan,KMT,1050,14.924,1,0
1971,Asia,Taiwan,KMT,1100,15.268,1,0
1972,Asia,Taiwan,KMT,1198,15.586,1,0
1973,Asia,Taiwan,KMT,1270,15.885,1,0
1974,Asia,Taiwan,KMT,1350,16.176,1,0
1975,Asia,Taiwan,KMT,1448,16.465,1,0
1976,Asia,Taiwan,KMT,1569,16.755,1,0
1977,Asia,Taiwan,KMT,1687,17.043,1,0
1978,Asia,Taiwan,KMT,1793,17.331,1,0
1979,Asia,Taiwan,KMT,1885,17.619,1,0
1980,Asia,Taiwan,KMT,1934,17.905,1,0
1981,Asia,Taiwan,KMT,1998,18.192,1,0
1982,Asia,Taiwan,KMT,2071,18.477,1,0
1983,Asia,Taiwan,KMT,2121,18.76,1,0
1984,Asia,Taiwan,KMT,2188,19.036,1,0
1985,Asia,Taiwan,KMT,2269,19.303,1,0
1986,Asia,Taiwan,KMT,2356,19.56,1,0
1987,Asia,Taiwan,KMT,2398,19.807,1,0
1988,Asia,Taiwan,KMT,2422,20.042,1,0
1989,Asia,Taiwan,KMT,2535,20.266,1,0
1990,Asia,Taiwan,KMT,2546,20.478,1,0
1991,Asia,Taiwan,KMT,2571,20.679,1,0
1992,Asia,Taiwan,KMT,2618,20.868,1,0
1993,Asia,Taiwan,KMT,2653,21.045,1,0
1994,Asia,Taiwan,KMT,2100,21.207,1,0
1995,Asia,Taiwan,KMT,2150,21.356,1,0
1996,Asia,Taiwan,KMT,2200,21.489,1,0
1997,Asia,Taiwan,KMT,2400,21.608,1,0
1998,Asia,Taiwan,KMT,2600,21.721,1,0
1999,Asia,Taiwan,KMT,2100,21.839,1,0
2000,Asia,Taiwan,KMT,2200,21.966,1,0
1949,Europe,East Germany,SED,1774,19,1,1
1950,Europe,East Germany,SED,1750,18.388,1,1
1951,Europe,East Germany,SED,1221,18.35,1,1
1952,Europe,East Germany,SED,1225,18.3,1,1
1953,Europe,East Germany,SED,1230,18.112,1,1
1954,Europe,East Germany,SED,1413,18.002,1,1
1955,Europe,East Germany,SED,1433,17.832,1,1
1956,Europe,East Germany,SED,1453,17.604,1,1
1957,Europe,East Germany,SED,1473,17.411,1,1
1958,Europe,East Germany,SED,1507,17.312,1,1
1959,Europe,East Germany,SED,1542,17.286,1,1
1960,Europe,East Germany,SED,1576,17.188,1,1
1961,Europe,East Germany,SED,1611,17.079,1,1
1962,Europe,East Germany,SED,1645,17.136,1,1
1963,Europe,East Germany,SED,1680,17.181,1,1
1964,Europe,East Germany,SED,1710,17.004,1,1
1965,Europe,East Germany,SED,1740,17.04,1,1
1966,Europe,East Germany,SED,1770,17.071,1,1
1967,Europe,East Germany,SED,1783,17.09,1,1
1968,Europe,East Germany,SED,1796,17.087,1,1
1969,Europe,East Germany,SED,1810,17.075,1,1
1970,Europe,East Germany,SED,1823,17.068,1,1
1971,Europe,East Germany,SED,1836,17.054,1,1
1972,Europe,East Germany,SED,1859,17.011,1,1
1973,Europe,East Germany,SED,1898,16.951,1,1
1974,Europe,East Germany,SED,1913,16.891,1,1
1975,Europe,East Germany,SED,1933,16.82,1,1
1976,Europe,East Germany,SED,1956,16.767,1,1
1977,Europe,East Germany,SED,2027,16.758,1,1
1978,Europe,East Germany,SED,2037,16.751,1,1
1979,Europe,East Germany,SED,2054,16.74,1,1
1980,Europe,East Germany,SED,2063,16.74,1,1
1981,Europe,East Germany,SED,2089,16.706,1,1
1982,Europe,East Germany,SED,2144,16.702,1,1
1983,Europe,East Germany,SED,2162,16.701,1,1
1984,Europe,East Germany,SED,2183,16.66,1,1
1985,Europe,East Germany,SED,2195,16.64,1,1
1986,Europe,East Germany,SED,2231,16.64,1,1
1987,Europe,East Germany,SED,2264,16.661,1,1
1988,Europe,East Germany,SED,2261,16.675,1,1
1989,Europe,East Germany,SED,2300,16.434,1,1
1961,America_L,Cuba,CPCu,18,7.2912,2,1
1962,America_L,Cuba,CPCu,40,7.45354,2,1
1963,America_L,Cuba,CPCu,60,7.623294,2,1
1964,America_L,Cuba,CPCu,55,7.793262,2,1
1965,America_L,Cuba,CPCu,50,7.958169,2,1
1966,America_L,Cuba,CPCu,55,8.115487,2,1
1967,America_L,Cuba,CPCu,57,8.26638,2,1
1968,America_L,Cuba,CPCu,60,8.413552,2,1
1969,America_L,Cuba,CPCu,55,8.561384,2,1
1970,America_L,Cuba,CPCu,65,8.712541,2,1
1971,America_L,Cuba,CPCu,100,8.868083,2,1
1972,America_L,Cuba,CPCu,140,9.025345,2,1
1973,America_L,Cuba,CPCu,160,9.178804,2,1
1974,America_L,Cuba,CPCu,203,9.320945,2,1
1975,America_L,Cuba,CPCu,211,9.446442,2,1
1976,America_L,Cuba,CPCu,255,9.554188,2,1
1977,America_L,Cuba,CPCu,300,9.646142,2,1
1978,America_L,Cuba,CPCu,345,9.724044,2,1
1979,America_L,Cuba,CPCu,387,9.790851,2,1
1980,America_L,Cuba,CPCu,434,9.849459,2,1
1981,America_L,Cuba,CPCu,451,9.898889,2,1
1982,America_L,Cuba,CPCu,468,9.940317,2,1
1983,America_L,Cuba,CPCu,485,9.981304,2,1
1984,America_L,Cuba,CPCu,502,10.031649,2,1
1985,America_L,Cuba,CPCu,524,10.097911,2,1
1986,America_L,Cuba,CPCu,482,10.183899,2,1
1987,America_L,Cuba,CPCu,514,10.286643,2,1
1988,America_L,Cuba,CPCu,546,10.397511,2,1
1989,America_L,Cuba,CPCu,578,10.503972,2,1
1990,America_L,Cuba,CPCu,612,10.596987,2,1
1991,America_L,Cuba,CPCu,636,10.673542,2,1
1992,America_L,Cuba,CPCu,660,10.736387,2,1
1993,America_L,Cuba,CPCu,684,10.789306,2,1
1994,America_L,Cuba,CPCu,708,10.838462,2,1
1995,America_L,Cuba,CPCu,732,10.888252,2,1
1996,America_L,Cuba,CPCu,756,10.939293,2,1
1997,America_L,Cuba,CPCu,780,10.989732,2,1
1998,America_L,Cuba,CPCu,800,11.038692,2,1
1999,America_L,Cuba,CPCu,824,11.08467,2,1
2000,America_L,Cuba,CPCu,850,11.12643,2,1
2001,America_L,Cuba,CPCu,860,11.164667,2,1
2002,America_L,Cuba,CPCu,855,11.199651,2,1
2003,America_L,Cuba,CPCu,850,11.229183,2,1
2004,America_L,Cuba,CPCu,840,11.250365,2,1
2005,America_L,Cuba,CPCu,835,11.261582,2,1
2006,America_L,Cuba,CPCu,830,11.261248,2,1
2007,America_L,Cuba,CPCu,825,11.251122,2,1
2008,America_L,Cuba,CPCu,820,11.236971,2,1
2009,America_L,Cuba,CPCu,814,11.226709,2,1
2010,America_L,Cuba,CPCu,808,11.225832,2,1
2011,America_L,Cuba,CPCu,800,11.23667,2,1
2012,America_L,Cuba,CPCu,769,11.257101,2,1
2013,America_L,Cuba,CPCu,750,11.28272,2,1
2014,America_L,Cuba,CPCu,730,11.306902,2,1
2015,America_L,Cuba,CPCu,690,11.324781,2,1
2016,America_L,Cuba,CPCu,670,11.335109,2,1
2017,America_L,Cuba,CPCu,680,11.339259,2,1
2018,America_L,Cuba,CPCu,690,11.338138,2,1
2019,America_L,Cuba,CPCu,700,11.333483,2,1
1946,Asia,North Korea,WPK,336,9.26,2,1
1947,Asia,North Korea,WPK,NA,NA,2,1
1948,Asia,North Korea,WPK,750,NA,2,1
1949,Asia,North Korea,WPK,NA,NA,2,1
1950,Asia,North Korea,WPK,NA,10.549,2,1
1951,Asia,North Korea,WPK,NA,10.248,2,1
1952,Asia,North Korea,WPK,450,10.049,2,1
1953,Asia,North Korea,WPK,NA,9.957,2,1
1954,Asia,North Korea,WPK,NA,9.972,2,1
1955,Asia,North Korea,WPK,NA,10.087,2,1
1956,Asia,North Korea,WPK,1165,10.286,2,1
1957,Asia,North Korea,WPK,1181,10.547,2,1
1958,Asia,North Korea,WPK,1181,10.844,2,1
1959,Asia,North Korea,WPK,1224,11.145,2,1
1960,Asia,North Korea,WPK,1267,11.424,2,1
1961,Asia,North Korea,WPK,1311,11.665595,2,1
1962,Asia,North Korea,WPK,NA,11.871712,2,1
1963,Asia,North Korea,WPK,NA,12.065468,2,1
1964,Asia,North Korea,WPK,NA,12.282419,2,1
1965,Asia,North Korea,WPK,NA,12.547525,2,1
1966,Asia,North Korea,WPK,NA,12.864954000000001,2,1
1967,Asia,North Korea,WPK,NA,13.222694,2,1
1968,Asia,North Korea,WPK,NA,13.609982,2,1
1969,Asia,North Korea,WPK,NA,14.010339,2,1
1970,Asia,North Korea,WPK,1600,14.4104,2,1
1971,Asia,North Korea,WPK,NA,14.809521,2,1
1972,Asia,North Korea,WPK,NA,15.207771,2,1
1973,Asia,North Korea,WPK,NA,15.593351,2,1
1974,Asia,North Korea,WPK,NA,15.952078,2,1
1975,Asia,North Korea,WPK,NA,16.27474,2,1
1976,Asia,North Korea,WPK,2000,16.554746,2,1
1977,Asia,North Korea,WPK,NA,16.796578,2,1
1978,Asia,North Korea,WPK,NA,17.015983,2,1
1979,Asia,North Korea,WPK,NA,17.235666,2,1
1980,Asia,North Korea,WPK,3062,17.47214,2,1
1981,Asia,North Korea,WPK,NA,17.73123,2,1
1982,Asia,North Korea,WPK,NA,18.008564,2,1
1983,Asia,North Korea,WPK,NA,18.298214,2,1
1984,Asia,North Korea,WPK,NA,18.590138,2,1
1985,Asia,North Korea,WPK,NA,18.877238,2,1
1986,Asia,North Korea,WPK,NA,19.156795,2,1
1987,Asia,North Korea,WPK,NA,19.431986,2,1
1988,Asia,North Korea,WPK,3000,19.708323,2,1
1989,Asia,North Korea,WPK,NA,19.993755,2,1
1990,Asia,North Korea,WPK,NA,20.293054,2,1
1991,Asia,North Korea,WPK,NA,20.60915,2,1
1992,Asia,North Korea,WPK,NA,20.937404,2,1
1993,Asia,North Korea,WPK,NA,21.265834,2,1
1994,Asia,North Korea,WPK,NA,21.577982,2,1
1995,Asia,North Korea,WPK,NA,21.862299,2,1
1996,Asia,North Korea,WPK,NA,22.113438,2,1
1997,Asia,North Korea,WPK,NA,22.335267,2,1
1998,Asia,North Korea,WPK,NA,22.536753,2,1
1999,Asia,North Korea,WPK,NA,22.731482,2,1
2000,Asia,North Korea,WPK,NA,22.929075,2,1
2001,Asia,North Korea,WPK,NA,23.13298,2,1
2002,Asia,North Korea,WPK,NA,23.339453,2,1
2003,Asia,North Korea,WPK,NA,23.542426,2,1
2004,Asia,North Korea,WPK,NA,23.732731,2,1
2005,Asia,North Korea,WPK,NA,23.904167,2,1
2006,Asia,North Korea,WPK,NA,24.054864,2,1
2007,Asia,North Korea,WPK,NA,24.188331,2,1
2008,Asia,North Korea,WPK,NA,24.310142,2,1
2009,Asia,North Korea,WPK,NA,24.428341,2,1
2010,Asia,North Korea,WPK,NA,24.548836,2,1
2011,Asia,North Korea,WPK,4000,24.673385,2,1
2012,Asia,North Korea,WPK,NA,24.800612,2,1
2013,Asia,North Korea,WPK,NA,24.929452,2,1
2014,Asia,North Korea,WPK,NA,25.057752,2,1
2015,Asia,North Korea,WPK,NA,25.183833,2,1
2016,Asia,North Korea,WPK,3467,25.307744,2,1
2017,Asia,North Korea,WPK,NA,25.429985,2,1
2018,Asia,North Korea,WPK,NA,25.549819,2,1
2019,Asia,North Korea,WPK,NA,25.666161,2,1
2020,Asia,North Korea,WPK,NA,25.75,2,1
2021,Asia,North Korea,WPK,6000,25.9,2,1
1943,Asia,Mongolia,MPRP,15,0.7542,1,1
1944,Asia,Mongolia,MPRP,20,0.7591,1,1
1945,Asia,Mongolia,MPRP,22,0.7593,1,1
1946,Asia,Mongolia,MPRP,24,0.7594,1,1
1947,Asia,Mongolia,MPRP,26,0.7597,1,1
1948,Asia,Mongolia,MPRP,28,0.7592,1,1
1949,Asia,Mongolia,MPRP,30,0.7587,1,1
1950,Asia,Mongolia,MPRP,32,0.758,1,1
1951,Asia,Mongolia,MPRP,34,0.7724,1,1
1952,Asia,Mongolia,MPRP,33,0.7861,1,1
1953,Asia,Mongolia,MPRP,31,0.79990000000000006,1,1
1954,Asia,Mongolia,MPRP,30,0.8136,1,1
1955,Asia,Mongolia,MPRP,31,0.8273,1,1
1956,Asia,Mongolia,MPRP,33,0.8455,1,1
1957,Asia,Mongolia,MPRP,35,0.862,1,1
1958,Asia,Mongolia,MPRP,37,0.8848,1,1
1959,Asia,Mongolia,MPRP,39,0.9096,1,1
1960,Asia,Mongolia,MPRP,40,0.955505,1,1
1961,Asia,Mongolia,MPRP,41,0.982178,1,1
1962,Asia,Mongolia,MPRP,45,1.011324,1,1
1963,Asia,Mongolia,MPRP,46,1.042383,1,1
1964,Asia,Mongolia,MPRP,47,1.074514,1,1
1965,Asia,Mongolia,MPRP,47,1.107124,1,1
1966,Asia,Mongolia,MPRP,48,1.139961,1,1
1967,Asia,Mongolia,MPRP,50,1.173191,1,1
1968,Asia,Mongolia,MPRP,52,1.207104,1,1
1969,Asia,Mongolia,MPRP,54,1.242214,1,1
1970,Asia,Mongolia,MPRP,56,1.278825,1,1
1971,Asia,Mongolia,MPRP,58,1.31705,1,1
1972,Asia,Mongolia,MPRP,59,1.35667,1,1
1973,Asia,Mongolia,MPRP,60,1.397304,1,1
1974,Asia,Mongolia,MPRP,62,1.438425,1,1
1975,Asia,Mongolia,MPRP,65,1.479651,1,1
1976,Asia,Mongolia,MPRP,67,1.520865,1,1
1977,Asia,Mongolia,MPRP,69,1.562209,1,1
1978,Asia,Mongolia,MPRP,70,1.603906,1,1
1979,Asia,Mongolia,MPRP,72,1.646291,1,1
1980,Asia,Mongolia,MPRP,73,1.689622,1,1
1981,Asia,Mongolia,MPRP,75,1.733475,1,1
1982,Asia,Mongolia,MPRP,77,1.777727,1,1
1983,Asia,Mongolia,MPRP,80,1.823216,1,1
1984,Asia,Mongolia,MPRP,83,1.87109,1,1
1985,Asia,Mongolia,MPRP,86,1.921881,1,1
1986,Asia,Mongolia,MPRP,89,1.97631,1,1
1987,Asia,Mongolia,MPRP,93,2.033344,1,1
1988,Asia,Mongolia,MPRP,96,2.089715,1,1
1989,Asia,Mongolia,MPRP,94,2.141011,1,1
1990,Asia,Mongolia,MPRP,100,2.184145,1,1
1991,Asia,Mongolia,MPRP,90,2.217917,1,1
1945,Europe,Romania,CPR,240,NA,1,1
1946,Europe,Romania,CPR,720,NA,1,1
1947,Europe,Romania,CPR,760,NA,1,1
1948,Europe,Romania,CPR,800,15.873,1,1
1949,Europe,Romania,CPR,1060,NA,1,1
1950,Europe,Romania,CPR,750,16.24,1,1
1951,Europe,Romania,CPR,NA,NA,1,1
1952,Europe,Romania,CPR,NA,NA,1,1
1953,Europe,Romania,CPR,NA,NA,1,1
1954,Europe,Romania,CPR,NA,NA,1,1
1955,Europe,Romania,CPR,600,17.48,1,1
1956,Europe,Romania,CPR,597,17.489,1,1
1957,Europe,Romania,CPR,595,NA,1,1
1958,Europe,Romania,CPR,NA,NA,1,1
1959,Europe,Romania,CPR,NA,NA,1,1
1960,Europe,Romania,CPR,826,18.406905,1,1
1961,Europe,Romania,CPR,834,18.55525,1,1
1962,Europe,Romania,CPR,875,18.67655,1,1
1963,Europe,Romania,CPR,1100,18.79785,1,1
1964,Europe,Romania,CPR,1300,18.919126,1,1
1965,Europe,Romania,CPR,1450,19.031576,1,1
1966,Europe,Romania,CPR,1590,19.21545,1,1
1967,Europe,Romania,CPR,1650,19.534242,1,1
1968,Europe,Romania,CPR,1750,19.799831,1,1
1969,Europe,Romania,CPR,1860,20.009141,1,1
1970,Europe,Romania,CPR,2000,20.250398,1,1
1971,Europe,Romania,CPR,2195,20.461567,1,1
1972,Europe,Romania,CPR,2300,20.657957,1,1
1973,Europe,Romania,CPR,2400,20.835681,1,1
1974,Europe,Romania,CPR,2500,21.029429,1,1
1975,Europe,Romania,CPR,NA,21.293583,1,1
1976,Europe,Romania,CPR,NA,21.551634,1,1
1977,Europe,Romania,CPR,NA,21.756096,1,1
1978,Europe,Romania,CPR,NA,21.951464,1,1
1979,Europe,Romania,CPR,NA,22.090488,1,1
1980,Europe,Romania,CPR,2005,22.207282,1,1
1981,Europe,Romania,CPR,3151,22.35307,1,1
1982,Europe,Romania,CPR,3200,22.475741,1,1
1983,Europe,Romania,CPR,3300,22.560478,1,1
1984,Europe,Romania,CPR,3400,22.640547,1,1
1985,Europe,Romania,CPR,3500,22.732999,1,1
1986,Europe,Romania,CPR,3600,22.836841,1,1
1987,Europe,Romania,CPR,3700,22.94943,1,1
1988,Europe,Romania,CPR,3710,23.057662,1,1
1989,Europe,Romania,CPR,3800,23.161458,1,1
1945,Europe,Albania,PLA,10,1.1,1,1
1946,Europe,Albania,PLA,12,1.15,1,1
1947,Europe,Albania,PLA,20,1.17,1,1
1948,Europe,Albania,PLA,29,1.18,1,1
1949,Europe,Albania,PLA,29,1.19,1,1
1950,Europe,Albania,PLA,30,1.2152,1,1
1951,Europe,Albania,PLA,20,1.242,1,1
1952,Europe,Albania,PLA,44,1.27,1,1
1953,Europe,Albania,PLA,44,1.302,1,1
1954,Europe,Albania,PLA,43,1.34,1,1
1955,Europe,Albania,PLA,42,1.379,1,1
1956,Europe,Albania,PLA,41,1.421,1,1
1957,Europe,Albania,PLA,43,1.462,1,1
1958,Europe,Albania,PLA,45,1.507,1,1
1959,Europe,Albania,PLA,47,1.556,1,1
1960,Europe,Albania,PLA,49,1.6088,1,1
1961,Europe,Albania,PLA,51,1.6598,1,1
1962,Europe,Albania,PLA,53,1.711319,1,1
1963,Europe,Albania,PLA,56,1.762621,1,1
1964,Europe,Albania,PLA,57,1.814135,1,1
1965,Europe,Albania,PLA,60,1.864791,1,1
1966,Europe,Albania,PLA,63,1.914573,1,1
1967,Europe,Albania,PLA,66,1.965598,1,1
1968,Europe,Albania,PLA,71,2.022272,1,1
1969,Europe,Albania,PLA,76,2.081695,1,1
1970,Europe,Albania,PLA,81,2.135479,1,1
1971,Europe,Albania,PLA,87,2.187853,1,1
1972,Europe,Albania,PLA,86,2.243126,1,1
1973,Europe,Albania,PLA,85,2.296752,1,1
1974,Europe,Albania,PLA,86,2.350124,1,1
1975,Europe,Albania,PLA,87,2.404831,1,1
1976,Europe,Albania,PLA,88,2.458526,1,1
1977,Europe,Albania,PLA,NA,2.513546,1,1
1978,Europe,Albania,PLA,NA,2.566266,1,1
1979,Europe,Albania,PLA,NA,2.617832,1,1
1980,Europe,Albania,PLA,NA,2.671997,1,1
1981,Europe,Albania,PLA,NA,2.726056,1,1
1982,Europe,Albania,PLA,NA,2.784278,1,1
1983,Europe,Albania,PLA,NA,2.84396,1,1
1984,Europe,Albania,PLA,NA,2.904429,1,1
1985,Europe,Albania,PLA,120,2.964762,1,1
1986,Europe,Albania,PLA,147,3.022635,1,1
1987,Europe,Albania,PLA,NA,3.083605,1,1
1988,Europe,Albania,PLA,NA,3.142336,1,1
1989,Europe,Albania,PLA,NA,3.227943,1,1
1990,Europe,Albania,PLA,100,3.286542,1,1
1991,Europe,Albania,PLA,NA,3.26679,1,1
1976,Asia,Laos,RPL,25,3.098973,2,1
1977,Asia,Laos,RPL,26,3.135842,2,1
1978,Asia,Laos,RPL,27,3.168843,2,1
1979,Asia,Laos,RPL,28,3.207328,2,1
1980,Asia,Laos,RPL,29,3.258144,2,1
1981,Asia,Laos,RPL,30,3.323366,2,1
1982,Asia,Laos,RPL,33,3.401191,2,1
1983,Asia,Laos,RPL,35,3.489903,2,1
1984,Asia,Laos,RPL,36,3.586316,2,1
1985,Asia,Laos,RPL,37,3.687898,2,1
1986,Asia,Laos,RPL,38,3.794198,2,1
1987,Asia,Laos,RPL,40,3.90553,2,1
1988,Asia,Laos,RPL,40,4.020811,2,1
1989,Asia,Laos,RPL,40,4.138845,2,1
1990,Asia,Laos,RPL,45,4.258472,2,1
1991,Asia,Laos,RPL,50,4.379236,2,1
1992,Asia,Laos,RPL,60,4.500351,2,1
1993,Asia,Laos,RPL,64,4.619944,2,1
1994,Asia,Laos,RPL,69,4.735845,2,1
1995,Asia,Laos,RPL,72,4.846483,2,1
1996,Asia,Laos,RPL,75,4.951195,2,1
1997,Asia,Laos,RPL,78,5.050315,2,1
1998,Asia,Laos,RPL,82,5.144602,2,1
1999,Asia,Laos,RPL,86,5.235346,2,1
2000,Asia,Laos,RPL,90,5.3237,2,1
2001,Asia,Laos,RPL,95,5.409582,2,1
2002,Asia,Laos,RPL,100,5.493246,2,1
2003,Asia,Laos,RPL,110,5.57664,2,1
2004,Asia,Laos,RPL,120,5.662208,2,1
2005,Asia,Laos,RPL,130,5.751676,2,1
2006,Asia,Laos,RPL,140,5.846074,2,1
2007,Asia,Laos,RPL,149,5.944948,2,1
2008,Asia,Laos,RPL,160,6.04662,2,1
2009,Asia,Laos,RPL,170,6.148623,2,1
2010,Asia,Laos,RPL,180,6.249165,2,1
2011,Asia,Laos,RPL,191,6.347567,2,1
2012,Asia,Laos,RPL,192,6.44453,2,1
2013,Asia,Laos,RPL,195,6.541304,2,1
2014,Asia,Laos,RPL,197,6.639756,2,1
2015,Asia,Laos,RPL,200,6.741164,2,1
2016,Asia,Laos,RPL,253,6.845846,2,1
2017,Asia,Laos,RPL,272,6.953035,2,1
2018,Asia,Laos,RPL,291,7.061507,2,1
2019,Asia,Laos,RPL,310,7.169455,2,1
2008,America_L,Venezuela,PSUV,5669,27.635832,2,0
2009,America_L,Venezuela,PSUV,7254,28.031009,2,0
2010,America_L,Venezuela,PSUV,6777,28.43994,2,0
2011,America_L,Venezuela,PSUV,7900,28.888369,2,0
2012,America_L,Venezuela,PSUV,8500,29.362449,2,0
2013,America_L,Venezuela,PSUV,7550,29.783571,2,0
2014,America_L,Venezuela,PSUV,7632,30.045134,2,0
2015,America_L,Venezuela,PSUV,NA,30.081829,2,0
2016,America_L,Venezuela,PSUV,NA,29.846179,2,0
2017,America_L,Venezuela,PSUV,5700,29.390409,2,0
2018,America_L,Venezuela,PSUV,6447,28.870195,2,0
2019,America_L,Venezuela,PSUV,7772,28.515829,2,0
2020,America_L,Venezuela,PSUV,7791,28.43594,2,0
1945,Europe,Czechslovakia,KSC,826,12.152,0,1
1946,Europe,Czechslovakia,KSC,1214,12.915,0,1
1947,Europe,Czechslovakia,KSC,1044,12.164,0,1
1948,Europe,Czechslovakia,KSC,1050,12.339,0,1
1949,Europe,Czechslovakia,KSC,2600,12.24,0,1
1950,Europe,Czechslovakia,KSC,1982,12.339192,0,1
1951,Europe,Czechslovakia,KSC,1677,12.517934,0,1
1952,Europe,Czechslovakia,KSC,1600,12.697798,0,1
1953,Europe,Czechslovakia,KSC,1550,12.870898,0,1
1954,Europe,Czechslovakia,KSC,1489,13.031722,0,1
1955,Europe,Czechslovakia,KSC,1370,13.177174,0,1
1956,Europe,Czechslovakia,KSC,1418,13.306776,0,1
1957,Europe,Czechslovakia,KSC,1420,13.42241,0,1
1958,Europe,Czechslovakia,KSC,1422,13.528008,0,1
1959,Europe,Czechslovakia,KSC,1480,13.628692,0,1
1960,Europe,Czechslovakia,KSC,1559,13.67,0,1
1961,Europe,Czechslovakia,KSC,1624,13.778,0,1
1962,Europe,Czechslovakia,KSC,1657,13.863,0,1
1963,Europe,Czechslovakia,KSC,1681,13.927,0,1
1964,Europe,Czechslovakia,KSC,1685,14.055,0,1
1965,Europe,Czechslovakia,KSC,1691,14.15,0,1
1966,Europe,Czechslovakia,KSC,1698,14.232,0,1
1967,Europe,Czechslovakia,KSC,1695,14.302,0,1
1968,Europe,Czechslovakia,KSC,1691,14.36,0,1
1969,Europe,Czechslovakia,KSC,1651,14.415,0,1
1970,Europe,Czechslovakia,KSC,1200,14.396,0,1
1971,Europe,Czechslovakia,KSC,1194,14.384,0,1
1972,Europe,Czechslovakia,KSC,1274,14.464,0,1
1973,Europe,Czechslovakia,KSC,1324,14.564,0,1
1974,Europe,Czechslovakia,KSC,1200,14.678,0,1
1975,Europe,Czechslovakia,KSC,1300,14.798,0,1
1976,Europe,Czechslovakia,KSC,1383,14.915,0,1
1977,Europe,Czechslovakia,KSC,1430,15.027,0,1
1978,Europe,Czechslovakia,KSC,1473,15.132,0,1
1979,Europe,Czechslovakia,KSC,1494,15.231,0,1
1980,Europe,Czechslovakia,KSC,1516,15.284,0,1
1981,Europe,Czechslovakia,KSC,1538,15.317,0,1
1982,Europe,Czechslovakia,KSC,1500,15.37,0,1
1983,Europe,Czechslovakia,KSC,1550,15.416,0,1
1984,Europe,Czechslovakia,KSC,1600,15.457,0,1
1985,Europe,Czechslovakia,KSC,1630,15.499,0,1
1986,Europe,Czechslovakia,KSC,1675,15.536,0,1
1987,Europe,Czechslovakia,KSC,1650,15.57,0,1
1988,Europe,Czechslovakia,KSC,1608,15.606,0,1
1945,Europe,Hungary,MDP,500,9.055,1,1
1946,Europe,Hungary,MDP,653,9.042,1,1
1947,Europe,Hungary,MDP,800,9.093,1,1
1948,Europe,Hungary,MDP,1050,9.158,1,1
1949,Europe,Hungary,MDP,887,9.249,1,1
1950,Europe,Hungary,MDP,826,9.338,1,1
1951,Europe,Hungary,MDP,826,9.423,1,1
1952,Europe,Hungary,MDP,900,9.504,1,1
1953,Europe,Hungary,MDP,820,9.595,1,1
1954,Europe,Hungary,MDP,820,9.706,1,1
1955,Europe,Hungary,MDP,820,9.825,1,1
1956,Europe,Hungary,MSZDP,900,9.911,1,1
1957,Europe,Hungary,MSZDP,346,9.84,1,1
1958,Europe,Hungary,MSZDP,300,9.882,1,1
1959,Europe,Hungary,MSZDP,400,9.937,1,1
1960,Europe,Hungary,MSZDP,498,9.983967,1,1
1961,Europe,Hungary,MSZDP,467,10.029321,1,1
1962,Europe,Hungary,MSZDP,450,10.061734,1,1
1963,Europe,Hungary,MSZDP,495,10.087947,1,1
1964,Europe,Hungary,MSZDP,540,10.119835,1,1
1965,Europe,Hungary,MSZDP,584,10.147935,1,1
1966,Europe,Hungary,MSZDP,500,10.178653,1,1
1967,Europe,Hungary,MSZDP,532,10.216604,1,1
1968,Europe,Hungary,MSZDP,564,10.255815,1,1
1969,Europe,Hungary,MSZDP,591,10.298723,1,1
1970,Europe,Hungary,MSZDP,627,10.33791,1,1
1971,Europe,Hungary,MSZDP,662,10.367537,1,1
1972,Europe,Hungary,MSZDP,671,10.398489,1,1
1973,Europe,Hungary,MSZDP,680,10.432055,1,1
1974,Europe,Hungary,MSZDP,690,10.47872,1,1
1975,Europe,Hungary,MSZDP,700,10.540525,1,1
1976,Europe,Hungary,MSZDP,722,10.598677,1,1
1977,Europe,Hungary,MSZDP,744,10.648031,1,1
1978,Europe,Hungary,MSZDP,766,10.684822,1,1
1979,Europe,Hungary,MSZDP,788,10.704152,1,1
1980,Europe,Hungary,MSZDP,810,10.711122,1,1
1981,Europe,Hungary,MSZDP,813,10.711848,1,1
1982,Europe,Hungary,MSZDP,828,10.705535,1,1
1983,Europe,Hungary,MSZDP,842,10.689463,1,1
1984,Europe,Hungary,MSZDP,856,10.668095,1,1
1985,Europe,Hungary,MSZDP,870,10.648713,1,1
1986,Europe,Hungary,MSZDP,871,10.630564,1,1
1987,Europe,Hungary,MSZDP,NA,10.612741,1,1
1988,Europe,Hungary,MSZDP,NA,10.596487,1,1
1989,Europe,Hungary,MSZDP,NA,10.481719,1,1
1946,Europe,Poland,PPR,556,23.777,1,1
1947,Europe,Poland,PPR,848,23.97,1,1
1948,Europe,Poland,PZPR,956,23.98,1,1
1949,Europe,Poland,PZPR,1500,24.41,1,1
1950,Europe,Poland,PZPR,1360,24.824,1,1
1951,Europe,Poland,PZPR,1138,25.271,1,1
1952,Europe,Poland,PZPR,1147,25.753,1,1
1953,Europe,Poland,PZPR,1227,26.255,1,1
1954,Europe,Poland,PZPR,1297,26.761,1,1
1955,Europe,Poland,PZPR,1340,27.281,1,1
1956,Europe,Poland,PZPR,1344,27.815,1,1
1957,Europe,Poland,PZPR,1276,28.31,1,1
1958,Europe,Poland,PZPR,1023,28.77,1,1
1959,Europe,Poland,PZPR,1018,29.24,1,1
1960,Europe,Poland,PZPR,1155,29.63745,1,1
1961,Europe,Poland,PZPR,1306,29.964,1,1
1962,Europe,Poland,PZPR,1397,30.3085,1,1
1963,Europe,Poland,PZPR,1494,30.712,1,1
1964,Europe,Poland,PZPR,1641,31.13945,1,1
1965,Europe,Poland,PZPR,1775,31.44495,1,1
1966,Europe,Poland,PZPR,1895,31.681,1,1
1967,Europe,Poland,PZPR,1931,31.987155,1,1
1968,Europe,Poland,PZPR,2104,32.294655,1,1
1969,Europe,Poland,PZPR,2204,32.5483,1,1
1970,Europe,Poland,PZPR,2320,32.6643,1,1
1971,Europe,Poland,PZPR,2254,32.7835,1,1
1972,Europe,Poland,PZPR,2263,33.05565,1,1
1973,Europe,Poland,PZPR,2322,33.3572,1,1
1974,Europe,Poland,PZPR,2364,33.678899,1,1
1975,Europe,Poland,PZPR,2437,34.015199,1,1
1976,Europe,Poland,PZPR,2573,34.3563,1,1
1977,Europe,Poland,PZPR,2718,34.68905,1,1
1978,Europe,Poland,PZPR,2929,34.9656,1,1
1979,Europe,Poland,PZPR,2079,35.247217,1,1
1980,Europe,Poland,PZPR,3158,35.57415,1,1
1981,Europe,Poland,PZPR,2942,35.898587,1,1
1982,Europe,Poland,PZPR,2542,36.230481,1,1
1983,Europe,Poland,PZPR,2438,36.571808,1,1
1984,Europe,Poland,PZPR,2334,36.904134,1,1
1985,Europe,Poland,PZPR,2230,37.201885,1,1
1986,Europe,Poland,PZPR,2126,37.456119,1,1
1987,Europe,Poland,PZPR,2128,37.668045,1,1
1988,Europe,Poland,PZPR,2130,37.824487,1,1
1945,Europe,Bulgaria,BKP,250,6.936,1,1
1946,Europe,Bulgaria,BKP,270,6.993,1,1
1947,Europe,Bulgaria,BKP,400,7.048,1,1
1948,Europe,Bulgaria,BKP,464,7.13,1,1
1949,Europe,Bulgaria,BKP,460,7.195,1,1
1950,Europe,Bulgaria,BKP,429,7.251,1,1
1951,Europe,Bulgaria,BKP,435,7.258,1,1
1952,Europe,Bulgaria,BKP,442,7.275,1,1
1953,Europe,Bulgaria,BKP,448,7.346,1,1
1954,Europe,Bulgaria,BKP,455,7.423,1,1
1955,Europe,Bulgaria,BKP,462,7.499,1,1
1956,Europe,Bulgaria,BKP,469,7.576,1,1
1957,Europe,Bulgaria,BKP,477,7.651,1,1
1958,Europe,Bulgaria,BKP,484,7.728,1,1
1959,Europe,Bulgaria,BKP,491,7.829,1,1
1960,Europe,Bulgaria,BKP,498,7.867374,1,1
1961,Europe,Bulgaria,BKP,506,7.943118,1,1
1962,Europe,Bulgaria,BKP,529,8.012946,1,1
1963,Europe,Bulgaria,BKP,528,8.078145,1,1
1964,Europe,Bulgaria,BKP,555,8.14434,1,1
1965,Europe,Bulgaria,BKP,582,8.204168,1,1
1966,Europe,Bulgaria,BKP,611,8.258057,1,1
1967,Europe,Bulgaria,BKP,629,8.310226,1,1
1968,Europe,Bulgaria,BKP,646,8.369603,1,1
1969,Europe,Bulgaria,BKP,664,8.434172,1,1
1970,Europe,Bulgaria,BKP,681,8.489574,1,1
1971,Europe,Bulgaria,BKP,699,8.536395,1,1
1972,Europe,Bulgaria,BKP,717,8.5762,1,1
1973,Europe,Bulgaria,BKP,735,8.620967,1,1
1974,Europe,Bulgaria,BKP,754,8.678745,1,1
1975,Europe,Bulgaria,BKP,772,8.720742,1,1
1976,Europe,Bulgaria,BKP,790,8.758599,1,1
1977,Europe,Bulgaria,BKP,797,8.804183,1,1
1978,Europe,Bulgaria,BKP,804,8.814032,1,1
1979,Europe,Bulgaria,BKP,811,8.82594,1,1
1980,Europe,Bulgaria,BKP,819,8.861535,1,1
1981,Europe,Bulgaria,BKP,826,8.891117,1,1
1982,Europe,Bulgaria,BKP,847,8.917457,1,1
1983,Europe,Bulgaria,BKP,868,8.939738,1,1
1984,Europe,Bulgaria,BKP,889,8.960679,1,1
1985,Europe,Bulgaria,BKP,911,8.960547,1,1
1986,Europe,Bulgaria,BKP,932,8.958171,1,1
1987,Europe,Bulgaria,BKP,954,8.971359,1,1
1988,Europe,Bulgaria,BKP,977,8.981446,1,1
1989,Europe,Bulgaria,BKP,1000,8.876972,1,1
1946,Europe,Lithuania,CPLi,8,2.53,1,1
1947,Europe,Lithuania,CPLi,16,2.54,1,1
1948,Europe,Lithuania,CPLi,22,2.55,1,1
1949,Europe,Lithuania,CPLi,24,2.56,1,1
1950,Europe,Lithuania,CPLi,28,2.567,1,1
1951,Europe,Lithuania,CPLi,30,2.569,1,1
1952,Europe,Lithuania,CPLi,35,2.576,1,1
1953,Europe,Lithuania,CPLi,36,2.59,1,1
1954,Europe,Lithuania,CPLi,34,2.607,1,1
1955,Europe,Lithuania,CPLi,35,2.629,1,1
1956,Europe,Lithuania,CPLi,38,2.653,1,1
1957,Europe,Lithuania,CPLi,42,2.681,1,1
1958,Europe,Lithuania,CPLi,45,2.711,1,1
1959,Europe,Lithuania,CPLi,49,2.744,1,1
1960,Europe,Lithuania,CPLi,54,2.782,1,1
1961,Europe,Lithuania,CPLi,61,2.828,1,1
1962,Europe,Lithuania,CPLi,66,2.865,1,1
1963,Europe,Lithuania,CPLi,71,2.893,1,1
1964,Europe,Lithuania,CPLi,77,2.928,1,1
1965,Europe,Lithuania,CPLi,86,2.967,1,1
1966,Europe,Lithuania,CPLi,90,3.006,1,1
1967,Europe,Lithuania,CPLi,99,3.045,1,1
1968,Europe,Lithuania,CPLi,105,3.083,1,1
1969,Europe,Lithuania,CPLi,111,3.115,1,1
1970,Europe,Lithuania,CPLi,117,3.144,1,1
1971,Europe,Lithuania,CPLi,122,3.179,1,1
1972,Europe,Lithuania,CPLi,126,3.214,1,1
1973,Europe,Lithuania,CPLi,131,3.244,1,1
1974,Europe,Lithuania,CPLi,135,3.274,1,1
1975,Europe,Lithuania,CPLi,140,3.302,1,1
1976,Europe,Lithuania,CPLi,145,3.329,1,1
1977,Europe,Lithuania,CPLi,151,3.355,1,1
1978,Europe,Lithuania,CPLi,156,3.379,1,1
1979,Europe,Lithuania,CPLi,161,3.398,1,1
1980,Europe,Lithuania,CPLi,166,3.413,1,1
1981,Europe,Lithuania,CPLi,170,3.433,1,1
1982,Europe,Lithuania,CPLi,174,3.457,1,1
1983,Europe,Lithuania,CPLi,178,3.485,1,1
1984,Europe,Lithuania,CPLi,182,3.514,1,1
1985,Europe,Lithuania,CPLi,185,3.545,1,1
1986,Europe,Lithuania,CPLi,197,3.579,1,1
1987,Europe,Lithuania,CPLi,198,3.616,1,1
1988,Europe,Lithuania,CPLi,199,3.655,1,1
1989,Europe,Lithuania,CPLi,200,3.684,1,1
1945,Europe,Estonia,EKP,2,NA,1,1
1946,Europe,Estonia,EKP,7,NA,1,1
1947,Europe,Estonia,EKP,13,NA,1,1
1948,Europe,Estonia,EKP,16,1.026,1,1
1949,Europe,Estonia,EKP,17,1.074,1,1
1950,Europe,Estonia,EKP,18,1.101,1,1
1951,Europe,Estonia,EKP,19,1.114,1,1
1952,Europe,Estonia,EKP,21,1.126,1,1
1953,Europe,Estonia,EKP,22,1.138,1,1
1954,Europe,Estonia,EKP,21,1.149,1,1
1955,Europe,Estonia,EKP,21,1.16,1,1
1956,Europe,Estonia,EKP,22,1.171,1,1
1957,Europe,Estonia,EKP,26,1.181,1,1
1958,Europe,Estonia,EKP,28,1.192,1,1
1959,Europe,Estonia,EKP,30,1.203,1,1
1960,Europe,Estonia,EKP,33,1.216,1,1
1961,Europe,Estonia,EKP,38,1.229,1,1
1962,Europe,Estonia,EKP,42,1.243,1,1
1963,Europe,Estonia,EKP,46,1.258,1,1
1964,Europe,Estonia,EKP,50,1.276,1,1
1965,Europe,Estonia,EKP,55,1.291,1,1
1966,Europe,Estonia,EKP,62,1.303,1,1
1967,Europe,Estonia,EKP,64,1.314,1,1
1968,Europe,Estonia,EKP,66,1.327,1,1
1969,Europe,Estonia,EKP,68,1.345,1,1
1970,Europe,Estonia,EKP,70,1.36,1,1
1971,Europe,Estonia,EKP,73,1.377,1,1
1972,Europe,Estonia,EKP,75,1.393,1,1
1973,Europe,Estonia,EKP,77,1.406,1,1
1974,Europe,Estonia,EKP,79,1.418,1,1
1975,Europe,Estonia,EKP,81,1.429,1,1
1976,Europe,Estonia,EKP,85,1.44,1,1
1977,Europe,Estonia,EKP,87,1.45,1,1
1978,Europe,Estonia,EKP,90,1.46,1,1
1979,Europe,Estonia,EKP,92,1.468,1,1
1980,Europe,Estonia,EKP,95,1.477,1,1
1981,Europe,Estonia,EKP,NA,1.488,1,1
1982,Europe,Estonia,EKP,NA,1.498,1,1
1983,Europe,Estonia,EKP,NA,1.509,1,1
1984,Europe,Estonia,EKP,NA,1.519,1,1
1985,Europe,Estonia,EKP,NA,1.529,1,1
1986,Europe,Estonia,EKP,NA,1.54,1,1
1987,Europe,Estonia,EKP,NA,1.552,1,1
1988,Europe,Estonia,EKP,NA,1.562,1,1
1989,Europe,Estonia,EKP,NA,1.568,1,1
1945,Europe,Latvia,LKP,5,NA,1,1
1946,Europe,Latvia,LKP,11,1.553577,1,1
1947,Europe,Latvia,LKP,21,1.716773,1,1
1948,Europe,Latvia,LKP,28,1.856419,1,1
1949,Europe,Latvia,LKP,31,1.886792,1,1
1950,Europe,Latvia,LKP,34,1.884077,1,1
1951,Europe,Latvia,LKP,37,1.889974,1,1
1952,Europe,Latvia,LKP,40,1.898577,1,1
1953,Europe,Latvia,LKP,42,1.912837,1,1
1954,Europe,Latvia,LKP,43,1.939138,1,1
1955,Europe,Latvia,LKP,45,1.966567,1,1
1956,Europe,Latvia,LKP,48,1.995354,1,1
1957,Europe,Latvia,LKP,54,2.040978,1,1
1958,Europe,Latvia,LKP,57,2.066368,1,1
1959,Europe,Latvia,LKP,61,2.079948,1,1
1960,Europe,Latvia,LKP,66,2.104128,1,1
1961,Europe,Latvia,LKP,72,2.13783,1,1
1962,Europe,Latvia,LKP,78,2.167531,1,1
1963,Europe,Latvia,LKP,82,2.19564,1,1
1964,Europe,Latvia,LKP,88,2.226198,1,1
1965,Europe,Latvia,LKP,96,2.255048,1,1
1966,Europe,Latvia,LKP,100,2.276789,1,1
1967,Europe,Latvia,LKP,107,2.289645,1,1
1968,Europe,Latvia,LKP,112,2.312795,1,1
1969,Europe,Latvia,LKP,116,2.334443,1,1
1970,Europe,Latvia,LKP,122,2.351903,1,1
1971,Europe,Latvia,LKP,128,2.366424,1,1
1972,Europe,Latvia,LKP,131,2.386353,1,1
1973,Europe,Latvia,LKP,134,2.404995,1,1
1974,Europe,Latvia,LKP,137,2.426642,1,1
1975,Europe,Latvia,LKP,140,2.44773,1,1
1976,Europe,Latvia,LKP,143,2.464529,1,1
1977,Europe,Latvia,LKP,147,2.477449,1,1
1978,Europe,Latvia,LKP,150,2.492697,1,1
1979,Europe,Latvia,LKP,154,2.503145,1,1
1980,Europe,Latvia,LKP,158,2.508761,1,1
1981,Europe,Latvia,LKP,160,2.51464,1,1
1982,Europe,Latvia,LKP,162,2.524202,1,1
1983,Europe,Latvia,LKP,165,2.537958,1,1
1984,Europe,Latvia,LKP,167,2.554063,1,1
1985,Europe,Latvia,LKP,169,2.57003,1,1
1986,Europe,Latvia,LKP,172,2.587716,1,1
1987,Europe,Latvia,LKP,NA,2.612068,1,1
1988,Europe,Latvia,LKP,NA,2.641097,1,1
1989,Europe,Latvia,LKP,NA,2.66577,1,1
1986,Asia,Malaysia,UMNO,1327,16.329,2,0
1987,Asia,Malaysia,UMNO,1286,16.773,2,0
1988,Asia,Malaysia,UMNO,1055,17.219,2,0
1989,Asia,Malaysia,UMNO,1066,17.662,2,0
1990,Asia,Malaysia,UMNO,1233,18.102,2,0
1991,Asia,Malaysia,UMNO,1400,18.547,2,0
1992,Asia,Malaysia,UMNO,1567,19.067,2,0
1993,Asia,Malaysia,UMNO,1734,19.601,2,0
1994,Asia,Malaysia,UMNO,1900,20.142,2,0
1995,Asia,Malaysia,UMNO,2288,20.682,2,0
1996,Asia,Malaysia,UMNO,2700,21.223,2,0
1997,Asia,Malaysia,UMNO,NA,21.769,2,0
1998,Asia,Malaysia,UMNO,NA,22.333,2,0
1999,Asia,Malaysia,UMNO,NA,22.909,2,0
2000,Asia,Malaysia,UMNO,NA,23.495,2,0
2001,Asia,Malaysia,UMNO,NA,24.03,2,0
2002,Asia,Malaysia,UMNO,NA,24.542,2,0
2003,Asia,Malaysia,UMNO,NA,25.038,2,0
2004,Asia,Malaysia,UMNO,2400,25.541,2,0
2005,Asia,Malaysia,UMNO,3000,26.045,2,0
2006,Asia,Malaysia,UMNO,3560,26.55,2,0
2007,Asia,Malaysia,UMNO,3300,27.058,2,0
2008,Asia,Malaysia,UMNO,2700,27.568,2,0
2009,Asia,Malaysia,UMNO,2846,28.081,2,0
2010,Asia,Malaysia,UMNO,2992,28.589,2,0
2011,Asia,Malaysia,UMNO,3139,29.062,2,0
2012,Asia,Malaysia,UMNO,3285,29.51,2,0
2013,Asia,Malaysia,UMNO,3431,30.214,2,0
2014,Asia,Malaysia,UMNO,3375,30.708,2,0
2015,Asia,Malaysia,UMNO,3250,31.186,2,0
2016,Asia,Malaysia,UMNO,3200,31.633,2,0
2017,Asia,Malaysia,UMNO,3644,32.023,2,0
2018,Asia,Malaysia,UMNO,3500,32.382,2,0
2019,Asia,Malaysia,UMNO,3292,32.523,2,0
1987,America_L,Paraguay,COLORADO,1334,3.892,1,0
1988,America_L,Paraguay,COLORADO,1400,4.002,1,0
1989,America_L,Paraguay,COLORADO,1400,4.112,1,0
1990,America_L,Paraguay,COLORADO,1500,4.223,1,0
1991,America_L,Paraguay,COLORADO,948,4.334,1,0
1992,America_L,Paraguay,COLORADO,NA,4.445,1,0
1993,America_L,Paraguay,COLORADO,NA,4.555,1,0
1994,America_L,Paraguay,COLORADO,NA,4.666,1,0
1995,America_L,Paraguay,COLORADO,NA,4.777,1,0
1996,America_L,Paraguay,COLORADO,NA,4.888,1,0
1997,America_L,Paraguay,COLORADO,NA,4.998,1,0
1998,America_L,Paraguay,COLORADO,NA,5.108,1,0
1999,America_L,Paraguay,COLORADO,1000,5.216,1,0
2000,America_L,Paraguay,COLORADO,1100,5.323,1,0
2001,America_L,Paraguay,COLORADO,1200,5.428,1,0
2002,America_L,Paraguay,COLORADO,1350,5.532,1,0
2003,America_L,Paraguay,COLORADO,1500,5.633,1,0
2004,America_L,Paraguay,COLORADO,1550,5.73,1,0
2005,America_L,Paraguay,COLORADO,1500,5.824,1,0
2006,America_L,Paraguay,COLORADO,1600,5.913,1,0
2007,America_L,Paraguay,COLORADO,1660,5.998,1,0
2008,America_L,Paraguay,COLORADO,1700,6.081,1,0
2009,America_L,Paraguay,COLORADO,1760,6.164,1,0
2010,America_L,Paraguay,COLORADO,1840,6.248,1,0
2011,America_L,Paraguay,COLORADO,1900,6.334,1,0
2012,America_L,Paraguay,COLORADO,1989,6.421,1,0
2013,America_L,Paraguay,COLORADO,2000,6.51,1,0
2014,America_L,Paraguay,COLORADO,2100,6.599,1,0
2015,America_L,Paraguay,COLORADO,2200,6.689,1,0
2016,America_L,Paraguay,COLORADO,2309,6.778,1,0
2017,America_L,Paraguay,COLORADO,2306,6.867,1,0
2018,America_L,Paraguay,COLORADO,2406,6.956,1,0
2019,America_L,Paraguay,COLORADO,2500,7.045,1,0
2020,America_L,Paraguay,COLORADO,2648,7.134,1,0
2001,MENA,Turkey,AKP,NA,64.192,1,0
2002,MENA,Turkey,AKP,NA,65.145,1,0
2003,MENA,Turkey,AKP,NA,66.089,1,0
2004,MENA,Turkey,AKP,1834,67.011,1,0
2005,MENA,Turkey,AKP,NA,67.903,1,0
2006,MENA,Turkey,AKP,NA,68.757,1,0
2007,MENA,Turkey,AKP,NA,69.582,1,0
2008,MENA,Turkey,AKP,3689,70.419,1,0
2009,MENA,Turkey,AKP,NA,71.321,1,0
2010,MENA,Turkey,AKP,NA,72.327,1,0
2011,MENA,Turkey,AKP,NA,73.444,1,0
2012,MENA,Turkey,AKP,7551,74.653,1,0
2013,MENA,Turkey,AKP,8084,75.928,1,0
2014,MENA,Turkey,AKP,8700,77.232,1,0
2015,MENA,Turkey,AKP,9400,78.529,1,0
2016,MENA,Turkey,AKP,9369,79.822,1,0
2017,MENA,Turkey,AKP,9949,81.102,1,0
2018,MENA,Turkey,AKP,10337,82.32,1,0
2019,MENA,Turkey,AKP,10196,83.43,1,0
2020,MENA,Turkey,AKP,10592,83.6,1,0
1958,America_L,Mexico,PRI,4761,36.253,1,0
1959,America_L,Mexico,PRI,4000,37.448,1,0
1960,America_L,Mexico,PRI,3519,37.772,1,0
1961,America_L,Mexico,PRI,4500,38.966,1,0
1962,America_L,Mexico,PRI,5500,40.195,1,0
1963,America_L,Mexico,PRI,6600,41.462,1,0
1964,America_L,Mexico,PRI,6621,42.771,1,0
1965,America_L,Mexico,PRI,7517,44.124,1,0
1966,America_L,Mexico,PRI,8413,45.52,1,0
1967,America_L,Mexico,PRI,9309,46.956,1,0
1968,America_L,Mexico,PRI,10205,48.432,1,0
1969,America_L,Mexico,PRI,11101,49.945,1,0
1970,America_L,Mexico,PRI,12000,51.494,1,0
1971,America_L,Mexico,PRI,11000,53.076,1,0
1972,America_L,Mexico,PRI,9000,54.69,1,0
1973,America_L,Mexico,PRI,8000,56.324,1,0
1974,America_L,Mexico,PRI,10000,57.967,1,0
1975,America_L,Mexico,PRI,12000,59.608,1,0
1976,America_L,Mexico,PRI,14000,61.242,1,0
1977,America_L,Mexico,PRI,13500,62.87,1,0
1978,America_L,Mexico,PRI,13000,64.495,1,0
1979,America_L,Mexico,PRI,13252,66.124,1,0
1980,America_L,Mexico,PRI,13780,67.761,1,0
1981,America_L,Mexico,PRI,14308,69.408,1,0
1982,America_L,Mexico,PRI,14836,71.059,1,0
1983,America_L,Mexico,PRI,15364,72.709,1,0
1984,America_L,Mexico,PRI,15900,74.353,1,0
1985,America_L,Mexico,PRI,15758,75.983,1,0
1986,America_L,Mexico,PRI,12000,77.599,1,0
1987,America_L,Mexico,PRI,10000,79.2,1,0
1988,America_L,Mexico,PRI,8000,80.789,1,0
1989,America_L,Mexico,PRI,8250,82.369,1,0
1990,America_L,Mexico,PRI,8500,83.943,1,0
1991,America_L,Mexico,PRI,13000,85.513,1,0
1975,Africa,Mozambique,FRELIMO,15,10.165,2,1
1976,Africa,Mozambique,FRELIMO,22,10.444,2,1
1977,Africa,Mozambique,FRELIMO,30,10.738,2,1
1978,Africa,Mozambique,FRELIMO,35,11.041,2,1
1979,Africa,Mozambique,FRELIMO,48,11.341,2,1
1980,Africa,Mozambique,FRELIMO,61,11.63,2,1
1981,Africa,Mozambique,FRELIMO,74,11.913,2,1
1982,Africa,Mozambique,FRELIMO,100,12.19,2,1
1983,Africa,Mozambique,FRELIMO,110,12.44,2,1
1984,Africa,Mozambique,FRELIMO,125,12.636,2,1
1985,Africa,Mozambique,FRELIMO,140,12.764,2,1
1986,Africa,Mozambique,FRELIMO,155,12.808,2,1
1987,Africa,Mozambique,FRELIMO,170,12.786,2,1
1988,Africa,Mozambique,FRELIMO,185,12.758,2,1
1989,Africa,Mozambique,FRELIMO,201,12.806,2,1
1990,Africa,Mozambique,FRELIMO,350,12.987,2,1
1991,Africa,Mozambique,FRELIMO,500,13.328,2,1
1992,Africa,Mozambique,FRELIMO,582,13.806,2,1
1993,Africa,Mozambique,FRELIMO,664,14.371,2,1
1994,Africa,Mozambique,FRELIMO,746,14.948,2,1
1995,Africa,Mozambique,FRELIMO,828,15.483,2,1
1996,Africa,Mozambique,FRELIMO,910,15.96,2,1
1997,Africa,Mozambique,FRELIMO,992,16.397,2,1
1998,Africa,Mozambique,FRELIMO,1074,16.814,2,1
1999,Africa,Mozambique,FRELIMO,1156,17.244,2,1
2000,Africa,Mozambique,FRELIMO,1238,17.712,2,1
2001,Africa,Mozambique,FRELIMO,1320,18.222,2,1
2002,Africa,Mozambique,FRELIMO,1400,18.764,2,1
2003,Africa,Mozambique,FRELIMO,1483,19.331,2,1
2004,Africa,Mozambique,FRELIMO,1700,19.91,2,1
2005,Africa,Mozambique,FRELIMO,1900,20.494,2,1
2006,Africa,Mozambique,FRELIMO,2150,21.08,2,1
2007,Africa,Mozambique,FRELIMO,2350,21.673,2,1
2008,Africa,Mozambique,FRELIMO,2600,22.277,2,1
2009,Africa,Mozambique,FRELIMO,3000,22.895,2,1
2010,Africa,Mozambique,FRELIMO,NA,23.532,2,1
2011,Africa,Mozambique,FRELIMO,NA,24.187,2,1
2012,Africa,Mozambique,FRELIMO,NA,24.863,2,1
2013,Africa,Mozambique,FRELIMO,NA,25.561,2,1
2014,Africa,Mozambique,FRELIMO,NA,26.286,2,1
2015,Africa,Mozambique,FRELIMO,NA,27.042,2,1
2016,Africa,Mozambique,FRELIMO,NA,27.83,2,1
2017,Africa,Mozambique,FRELIMO,NA,28.649,2,1
2018,Africa,Mozambique,FRELIMO,NA,29.496,2,1
2019,Africa,Mozambique,FRELIMO,NA,30.366,2,1
1977,Africa,Angola,MPLA,110,7.534,2,1
1978,Africa,Angola,MPLA,20,7.791,2,1
1979,Africa,Angola,MPLA,16.5,8.058,2,1
1980,Africa,Angola,MPLA,21,8.341,2,1
1981,Africa,Angola,MPLA,26,8.64,2,1
1982,Africa,Angola,MPLA,31,8.953,2,1
1983,Africa,Angola,MPLA,35,9.278,2,1
1984,Africa,Angola,MPLA,NA,9.615,2,1
1985,Africa,Angola,MPLA,NA,9.962,2,1
1986,Africa,Angola,MPLA,NA,10.32,2,1
1987,Africa,Angola,MPLA,NA,10.689,2,1
1988,Africa,Angola,MPLA,45,11.068,2,1
1989,Africa,Angola,MPLA,55,11.455,2,1
1990,Africa,Angola,MPLA,65,11.848,2,1
1991,Africa,Angola,MPLA,150,12.249,2,1
1992,Africa,Angola,MPLA,545,12.657,2,1
1993,Africa,Angola,MPLA,NA,13.075,2,1
1994,Africa,Angola,MPLA,NA,13.504,2,1
1995,Africa,Angola,MPLA,NA,13.945,2,1
1996,Africa,Angola,MPLA,NA,14.401,2,1
1997,Africa,Angola,MPLA,NA,14.872,2,1
1998,Africa,Angola,MPLA,NA,15.36,2,1
1999,Africa,Angola,MPLA,NA,15.867,2,1
2000,Africa,Angola,MPLA,NA,16.395,2,1
2001,Africa,Angola,MPLA,NA,16.946,2,1
2002,Africa,Angola,MPLA,NA,17.519,2,1
2003,Africa,Angola,MPLA,NA,18.121,2,1
2004,Africa,Angola,MPLA,3900,18.758,2,1
2005,Africa,Angola,MPLA,NA,19.434,2,1
2006,Africa,Angola,MPLA,NA,20.15,2,1
2007,Africa,Angola,MPLA,NA,20.905,2,1
2008,Africa,Angola,MPLA,2700,21.696,2,1
2009,Africa,Angola,MPLA,NA,22.514,2,1
2010,Africa,Angola,MPLA,NA,23.356,2,1
2011,Africa,Angola,MPLA,NA,24.221,2,1
2012,Africa,Angola,MPLA,NA,25.108,2,1
2013,Africa,Angola,MPLA,NA,26.016,2,1
2014,Africa,Angola,MPLA,NA,26.942,2,1
2015,Africa,Angola,MPLA,NA,27.884,2,1
2016,Africa,Angola,MPLA,NA,28.842,2,1
2017,Africa,Angola,MPLA,NA,29.817,2,1
2018,Africa,Angola,MPLA,NA,30.81,2,1
2019,Africa,Angola,MPLA,NA,31.825,2,1
2020,Africa,Angola,MPLA,NA,NA,2,1
1968,MENA,Iraq,HAB,5,NA,0,0
1969,MENA,Iraq,HAB,6,9.586,0,0
1970,MENA,Iraq,HAB,7,9.918,0,0
1971,MENA,Iraq,HAB,8,10.256,0,0
1972,MENA,Iraq,HAB,9,10.6,0,0
1973,MENA,Iraq,HAB,300,10.951,0,0
1974,MENA,Iraq,HAB,452,11.312,0,0
1975,MENA,Iraq,HAB,562,11.685,0,0
1976,MENA,Iraq,HAB,672,12.069,0,0
1977,MENA,Iraq,HAB,782,12.462,0,0
1978,MENA,Iraq,HAB,890,12.861,0,0
1979,MENA,Iraq,HAB,1000,13.259,0,0
1980,MENA,Iraq,HAB,1254,13.653,0,0
1981,MENA,Iraq,HAB,1300,14.044,0,0
1982,MENA,Iraq,HAB,1400,14.432,0,0
1983,MENA,Iraq,HAB,1500,14.816,0,0
1984,MENA,Iraq,HAB,1550,15.19,0,0
1985,MENA,Iraq,HAB,1580,15.556,0,0
1986,MENA,Iraq,HAB,1637,15.91,0,0
1987,MENA,Iraq,HAB,1680,16.257,0,0
1988,MENA,Iraq,HAB,1700,16.612,0,0
1989,MENA,Iraq,HAB,1400,16.995,0,0
1990,MENA,Iraq,HAB,1300,17.419,0,0
1991,MENA,Iraq,HAB,1346,17.889,0,0
1992,MENA,Iraq,HAB,1392,18.403,0,0
1993,MENA,Iraq,HAB,1438,18.955,0,0
1994,MENA,Iraq,HAB,1484,19.539,0,0
1995,MENA,Iraq,HAB,1530,20.149,0,0
1996,MENA,Iraq,HAB,1576,20.783,0,0
1997,MENA,Iraq,HAB,NA,21.44,0,0
1998,MENA,Iraq,HAB,NA,22.114,0,0
1999,MENA,Iraq,HAB,NA,22.802,0,0
2000,MENA,Iraq,HAB,NA,23.498,0,0
2001,MENA,Iraq,HAB,NA,24.208,0,0
2002,MENA,Iraq,HAB,3972,24.932,0,0
2003,MENA,Iraq,HAB,2000,25.644,0,0
1963,MENA,Syria,Baath,0.5,1.948,1,0
1964,MENA,Syria,Baath,NA,2.046,1,0
1965,MENA,Syria,Baath,NA,2.15,1,0
1966,MENA,Syria,Baath,NA,2.258,1,0
1967,MENA,Syria,Baath,NA,2.373,1,0
1968,MENA,Syria,Baath,10,2.493,1,0
1969,MENA,Syria,Baath,22,2.62,1,0
1970,MENA,Syria,Baath,35,2.753,1,0
1971,MENA,Syria,Baath,65,2.875,1,0
1972,MENA,Syria,Baath,NA,2.997,1,0
1973,MENA,Syria,Baath,NA,3.125,1,0
1974,MENA,Syria,Baath,184,3.258,1,0
1975,MENA,Syria,Baath,190,3.396,1,0
1976,MENA,Syria,Baath,195,3.538,1,0
1977,MENA,Syria,Baath,200,3.685,1,0
1978,MENA,Syria,Baath,NA,3.839,1,0
1979,MENA,Syria,Baath,NA,4,1,0
1980,MENA,Syria,Baath,373,4.171,1,0
1981,MENA,Syria,Baath,375,4.352,1,0
1982,MENA,Syria,Baath,400,4.533,1,0
1983,MENA,Syria,Baath,470,4.719,1,0
1984,MENA,Syria,Baath,538,4.908,1,0
1985,MENA,Syria,Baath,500,5.1,1,0
1986,MENA,Syria,Baath,570,5.293,1,0
1987,MENA,Syria,Baath,640,5.488,1,0
1988,MENA,Syria,Baath,710,5.685,1,0
1989,MENA,Syria,Baath,798,5.886,1,0
1990,MENA,Syria,Baath,900,6.09,1,0
1991,MENA,Syria,Baath,1008,6.297,1,0
1992,MENA,Syria,Baath,950,6.507,1,0
1993,MENA,Syria,Baath,NA,6.722,1,0
1994,MENA,Syria,Baath,NA,6.942,1,0
1995,MENA,Syria,Baath,NA,7.188,1,0
1996,MENA,Syria,Baath,NA,7.447,1,0
1997,MENA,Syria,Baath,NA,7.716,1,0
1998,MENA,Syria,Baath,NA,7.99,1,0
1999,MENA,Syria,Baath,NA,8.261,1,0
2000,MENA,Syria,Baath,NA,8.525,1,0
2001,MENA,Syria,Baath,NA,8.771,1,0
2002,MENA,Syria,Baath,NA,9.002,1,0
2003,MENA,Syria,Baath,NA,9.239,1,0
2004,MENA,Syria,Baath,NA,9.512,1,0
2005,MENA,Syria,Baath,2400,9.839,1,0
2006,MENA,Syria,Baath,NA,10.242,1,0
2007,MENA,Syria,Baath,NA,10.702,1,0
2008,MENA,Syria,Baath,NA,11.154,1,0
2009,MENA,Syria,Baath,NA,11.503,1,0
2010,MENA,Syria,Baath,NA,11.686,1,0
2011,MENA,Syria,Baath,2000,11.388,1,0
1958,Asia,Singapore,PAP,4.8,1.507,2,0
1959,Asia,Singapore,PAP,5,1.572,2,0
1960,Asia,Singapore,PAP,8.2,1.646,2,0
1961,Asia,Singapore,PAP,1.6,1.702,2,0
1962,Asia,Singapore,PAP,2,1.75,2,0
1963,Asia,Singapore,PAP,NA,1.795,2,0
1964,Asia,Singapore,PAP,NA,1.842,2,0
1965,Asia,Singapore,PAP,NA,1.887,2,0
1966,Asia,Singapore,PAP,NA,1.934,2,0
1967,Asia,Singapore,PAP,NA,1.978,2,0
1968,Asia,Singapore,PAP,NA,2.012,2,0
1969,Asia,Singapore,PAP,15,2.042,2,0
1970,Asia,Singapore,PAP,15,2.074,2,0
1971,Asia,Singapore,PAP,15,2.113,2,0
1972,Asia,Singapore,PAP,NA,2.152,2,0
1973,Asia,Singapore,PAP,NA,2.193,2,0
1974,Asia,Singapore,PAP,NA,2.23,2,0
1975,Asia,Singapore,PAP,NA,2.263,2,0
1976,Asia,Singapore,PAP,NA,2.293,2,0
1977,Asia,Singapore,PAP,NA,2.325,2,0
1978,Asia,Singapore,PAP,NA,2.354,2,0
1979,Asia,Singapore,PAP,NA,2.383,2,0
1980,Asia,Singapore,PAP,NA,2.414,2,0
1981,Asia,Singapore,PAP,NA,2.533,2,0
1982,Asia,Singapore,PAP,NA,2.646,2,0
1983,Asia,Singapore,PAP,NA,2.681,2,0
1984,Asia,Singapore,PAP,NA,2.732,2,0
1985,Asia,Singapore,PAP,NA,2.736,2,0
1986,Asia,Singapore,PAP,NA,2.733,2,0
1987,Asia,Singapore,PAP,NA,2.775,2,0
1988,Asia,Singapore,PAP,NA,2.846,2,0
1989,Asia,Singapore,PAP,NA,2.931,2,0
1990,Asia,Singapore,PAP,NA,3.047,2,0
1991,Asia,Singapore,PAP,NA,3.135,2,0
1992,Asia,Singapore,PAP,NA,3.231,2,0
1993,Asia,Singapore,PAP,NA,3.313,2,0
1994,Asia,Singapore,PAP,NA,3.419,2,0
1995,Asia,Singapore,PAP,NA,3.524,2,0
1996,Asia,Singapore,PAP,NA,3.671,2,0
1997,Asia,Singapore,PAP,NA,3.796,2,0
1998,Asia,Singapore,PAP,13,3.927,2,0
1999,Asia,Singapore,PAP,14,3.959,2,0
2000,Asia,Singapore,PAP,15,4.028,2,0
2001,Asia,Singapore,PAP,16,4.138,2,0
2002,Asia,Singapore,PAP,17,4.176,2,0
2003,Asia,Singapore,PAP,18,4.115,2,0
2004,Asia,Singapore,PAP,17,4.167,2,0
2005,Asia,Singapore,PAP,16,4.266,2,0
2006,Asia,Singapore,PAP,15,4.401,2,0
2007,Asia,Singapore,PAP,NA,4.589,2,0
2008,Asia,Singapore,PAP,NA,4.839,2,0
2009,Asia,Singapore,PAP,NA,4.988,2,0
2010,Asia,Singapore,PAP,NA,5.077,2,0
2011,Asia,Singapore,PAP,NA,5.184,2,0
2012,Asia,Singapore,PAP,NA,5.312,2,0
2013,Asia,Singapore,PAP,15,5.399,2,0
2014,Asia,Singapore,PAP,NA,5.47,2,0
2015,Asia,Singapore,PAP,NA,5.535,2,0
2016,Asia,Singapore,PAP,NA,5.607,2,0
2017,Asia,Singapore,PAP,NA,5.612,2,0
2018,Asia,Singapore,PAP,NA,5.639,2,0
2019,Asia,Singapore,PAP,NA,5.704,2,0
2020,Asia,Singapore,PAP,NA,5.69,2,0
1991,Africa,Ethiopia,EPRFD,NA,49.61,2,0
1992,Africa,Ethiopia,EPRFD,NA,51.424,2,0
1993,Africa,Ethiopia,EPRFD,NA,53.296,2,0
1994,Africa,Ethiopia,EPRFD,NA,55.181,2,0
1995,Africa,Ethiopia,EPRFD,NA,57.048,2,0
1996,Africa,Ethiopia,EPRFD,NA,58.883,2,0
1997,Africa,Ethiopia,EPRFD,NA,60.697,2,0
1998,Africa,Ethiopia,EPRFD,NA,62.508,2,0
1999,Africa,Ethiopia,EPRFD,NA,64.343,2,0
2000,Africa,Ethiopia,EPRFD,NA,66.225,2,0
2001,Africa,Ethiopia,EPRFD,NA,68.159,2,0
2002,Africa,Ethiopia,EPRFD,NA,70.142,2,0
2003,Africa,Ethiopia,EPRFD,NA,72.171,2,0
2004,Africa,Ethiopia,EPRFD,760,74.239,2,0
2005,Africa,Ethiopia,EPRFD,NA,76.346,2,0
2006,Africa,Ethiopia,EPRFD,NA,78.489,2,0
2007,Africa,Ethiopia,EPRFD,NA,80.674,2,0
2008,Africa,Ethiopia,EPRFD,4000,82.916,2,0
2009,Africa,Ethiopia,EPRFD,5500,85.234,2,0
2010,Africa,Ethiopia,EPRFD,6000,87.64,2,0
2011,Africa,Ethiopia,EPRFD,6050,90.14,2,0
2012,Africa,Ethiopia,EPRFD,6100,92.727,2,0
2013,Africa,Ethiopia,EPRFD,6160,95.386,2,0
2014,Africa,Ethiopia,EPRFD,NA,98.094,2,0
2015,Africa,Ethiopia,EPRFD,NA,100.835,2,0
2016,Africa,Ethiopia,EPRFD,8000,103.603,2,0
2017,Africa,Ethiopia,EPRFD,NA,106.4,2,0
2018,Africa,Ethiopia,EPRFD,NA,109.225,2,0
2019,Africa,Ethiopia,EPRFD,8000,112.079,2,0
2003,Africa,Tanzania,CMM,2900,36.338,2,0
2004,Africa,Tanzania,CMM,NA,37.38,2,0
2005,Africa,Tanzania,CMM,NA,38.45,2,0
2006,Africa,Tanzania,CMM,NA,39.549,2,0
2007,Africa,Tanzania,CMM,3800,40.681,2,0
2008,Africa,Tanzania,CMM,NA,41.854,2,0
2009,Africa,Tanzania,CMM,NA,43.074,2,0
2010,Africa,Tanzania,CMM,NA,44.346,2,0
2011,Africa,Tanzania,CMM,NA,45.673,2,0
2012,Africa,Tanzania,CMM,NA,47.052,2,0
2013,Africa,Tanzania,CMM,8000,48.482,2,0
2014,Africa,Tanzania,CMM,NA,49.96,2,0
2015,Africa,Tanzania,CMM,NA,51.483,2,0
2016,Africa,Tanzania,CMM,NA,53.051,2,0
2017,Africa,Tanzania,CMM,NA,54.664,2,0
2018,Africa,Tanzania,CMM,NA,56.318,2,0
2019,Africa,Tanzania,CMM,NA,58.005,2,0
2020,Africa,Tanzania,CMM,15000,59.734,2,0
1945,Asia,Uzbekistan,UZCP,NA,5.2661,1,1
1946,Asia,Uzbekistan,UZCP,NA,5.4662,1,1
1947,Asia,Uzbekistan,UZCP,123,5.6663,1,1
1948,Asia,Uzbekistan,UZCP,NA,5.8664,1,1
1949,Asia,Uzbekistan,UZCP,NA,6.0665,1,1
1950,Asia,Uzbekistan,UZCP,NA,6.264,1,1
1951,Asia,Uzbekistan,UZCP,NA,6.47,1,1
1952,Asia,Uzbekistan,UZCP,NA,6.668,1,1
1953,Asia,Uzbekistan,UZCP,NA,6.865,1,1
1954,Asia,Uzbekistan,UZCP,NA,7.066,1,1
1955,Asia,Uzbekistan,UZCP,150,7.277,1,1
1956,Asia,Uzbekistan,UZCP,157,7.5,1,1
1957,Asia,Uzbekistan,UZCP,167,7.736,1,1
1958,Asia,Uzbekistan,UZCP,177,7.987,1,1
1959,Asia,Uzbekistan,UZCP,187,8.251,1,1
1960,Asia,Uzbekistan,UZCP,205,8.526,1,1
1961,Asia,Uzbekistan,UZCP,224,8.814,1,1
1962,Asia,Uzbekistan,UZCP,200,9.114,1,1
1963,Asia,Uzbekistan,UZCP,175,9.429,1,1
1964,Asia,Uzbekistan,UZCP,244,9.763,1,1
1965,Asia,Uzbekistan,UZCP,314,10.116,1,1
1966,Asia,Uzbekistan,UZCP,334,10.493,1,1
1967,Asia,Uzbekistan,UZCP,354,10.889,1,1
1968,Asia,Uzbekistan,UZCP,372,11.295,1,1
1969,Asia,Uzbekistan,UZCP,391,11.695,1,1
1970,Asia,Uzbekistan,UZCP,409,12.08,1,1
1971,Asia,Uzbekistan,UZCP,428,12.446,1,1
1972,Asia,Uzbekistan,UZCP,440,12.797,1,1
1973,Asia,Uzbekistan,UZCP,453,13.141,1,1
1974,Asia,Uzbekistan,UZCP,465,13.491,1,1
1975,Asia,Uzbekistan,UZCP,478,13.857,1,1
1976,Asia,Uzbekistan,UZCP,490,14.243,1,1
1977,Asia,Uzbekistan,UZCP,503,14.644,1,1
1978,Asia,Uzbekistan,UZCP,510,15.057,1,1
1979,Asia,Uzbekistan,UZCP,517,15.477,1,1
1980,Asia,Uzbekistan,UZCP,530,15.899,1,1
1981,Asia,Uzbekistan,UZCP,550,16.322,1,1
1982,Asia,Uzbekistan,UZCP,563,16.747,1,1
1983,Asia,Uzbekistan,UZCP,583,17.178,1,1
1984,Asia,Uzbekistan,UZCP,600,17.615,1,1
1985,Asia,Uzbekistan,UZCP,613,18.061,1,1
1986,Asia,Uzbekistan,UZCP,643,18.516,1,1
1987,Asia,Uzbekistan,UZCP,661,18.976,1,1
1988,Asia,Uzbekistan,UZCP,668,19.444,1,1
1989,Asia,Uzbekistan,UZCP,689,19.918,1,1
1945,Asia,Kazakstan,QKP,NA,5.7173,0,1
1946,Asia,Kazakstan,QKP,NA,5.9066,0,1
1947,Asia,Kazakstan,QKP,203,6.0959,0,1
1948,Asia,Kazakstan,QKP,NA,6.2852,0,1
1949,Asia,Kazakstan,QKP,NA,6.4745,0,1
1950,Asia,Kazakstan,QKP,NA,6.703,0,1
1951,Asia,Kazakstan,QKP,NA,6.812,0,1
1952,Asia,Kazakstan,QKP,NA,7.007,0,1
1953,Asia,Kazakstan,QKP,232,7.269,0,1
1954,Asia,Kazakstan,QKP,241,7.582,0,1
1955,Asia,Kazakstan,QKP,250,7.932,0,1
1956,Asia,Kazakstan,QKP,260,8.309,0,1
1957,Asia,Kazakstan,QKP,269,8.702,0,1
1958,Asia,Kazakstan,QKP,285,9.107,0,1
1959,Asia,Kazakstan,QKP,302,9.519,0,1
1960,Asia,Kazakstan,QKP,318,9.935,0,1
1961,Asia,Kazakstan,QKP,345,10.349,0,1
1962,Asia,Kazakstan,QKP,371,10.757,0,1
1963,Asia,Kazakstan,QKP,397,11.148,0,1
1964,Asia,Kazakstan,QKP,424,11.512,0,1
1965,Asia,Kazakstan,QKP,450,11.842,0,1
1966,Asia,Kazakstan,QKP,474,12.133,0,1
1967,Asia,Kazakstan,QKP,498,12.386,0,1
1968,Asia,Kazakstan,QKP,517,12.611,0,1
1969,Asia,Kazakstan,QKP,536,12.825,0,1
1970,Asia,Kazakstan,QKP,556,13.036,0,1
1971,Asia,Kazakstan,QKP,575,13.25,0,1
1972,Asia,Kazakstan,QKP,591,13.464,0,1
1973,Asia,Kazakstan,QKP,608,13.673,0,1
1974,Asia,Kazakstan,QKP,624,13.87,0,1
1975,Asia,Kazakstan,QKP,640,14.05,0,1
1976,Asia,Kazakstan,QKP,657,14.212,0,1
1977,Asia,Kazakstan,QKP,673,14.36,0,1
1978,Asia,Kazakstan,QKP,669,14.5,0,1
1979,Asia,Kazakstan,QKP,666,14.643,0,1
1980,Asia,Kazakstan,QKP,NA,14.796,0,1
1981,Asia,Kazakstan,QKP,NA,14.959,0,1
1982,Asia,Kazakstan,QKP,716,15.128,0,1
1983,Asia,Kazakstan,QKP,731,15.303,0,1
1984,Asia,Kazakstan,QKP,745,15.483,0,1
1985,Asia,Kazakstan,QKP,758,15.666,0,1
1986,Asia,Kazakstan,QKP,796,15.852,0,1
1987,Asia,Kazakstan,QKP,807,16.039,0,1
1988,Asia,Kazakstan,QKP,815,16.206,0,1
1989,Asia,Kazakstan,QKP,818,16.327,0,1
1945,Europe,Belorussia,BLRCP,30,7.70266666666667,1,1
1946,Europe,Belorussia,BLRCP,57,7.70346666666667,1,1
1947,Europe,Belorussia,BLRCP,85,7.70426666666667,1,1
1948,Europe,Belorussia,BLRCP,104,7.70506666666667,1,1
1949,Europe,Belorussia,BLRCP,110,7.70586666666667,1,1
1950,Europe,Belorussia,BLRCP,NA,7.745,1,1
1951,Europe,Belorussia,BLRCP,NA,7.699,1,1
1952,Europe,Belorussia,BLRCP,NA,7.677,1,1
1953,Europe,Belorussia,BLRCP,NA,7.68,1,1
1954,Europe,Belorussia,BLRCP,NA,7.704,1,1
1955,Europe,Belorussia,BLRCP,NA,7.747,1,1
1956,Europe,Belorussia,BLRCP,NA,7.807,1,1
1957,Europe,Belorussia,BLRCP,160,7.879,1,1
1958,Europe,Belorussia,BLRCP,176,7.959,1,1
1959,Europe,Belorussia,BLRCP,192,8.042,1,1
1960,Europe,Belorussia,BLRCP,209,8.125,1,1
1961,Europe,Belorussia,BLRCP,225,8.204,1,1
1962,Europe,Belorussia,BLRCP,250,8.28,1,1
1963,Europe,Belorussia,BLRCP,271,8.353,1,1
1964,Europe,Belorussia,BLRCP,293,8.428,1,1
1965,Europe,Belorussia,BLRCP,314,8.506,1,1
1966,Europe,Belorussia,BLRCP,337,8.587,1,1
1967,Europe,Belorussia,BLRCP,360,8.671,1,1
1968,Europe,Belorussia,BLRCP,378,8.754,1,1
1969,Europe,Belorussia,BLRCP,397,8.836,1,1
1970,Europe,Belorussia,BLRCP,415,8.913,1,1
1971,Europe,Belorussia,BLRCP,434,8.987,1,1
1972,Europe,Belorussia,BLRCP,449,9.057,1,1
1973,Europe,Belorussia,BLRCP,464,9.123,1,1
1974,Europe,Belorussia,BLRCP,479,9.188,1,1
1975,Europe,Belorussia,BLRCP,494,9.252,1,1
1976,Europe,Belorussia,BLRCP,509,9.316,1,1
1977,Europe,Belorussia,BLRCP,524,9.379,1,1
1978,Europe,Belorussia,BLRCP,557,9.441,1,1
1979,Europe,Belorussia,BLRCP,590,9.505,1,1
1980,Europe,Belorussia,BLRCP,624,9.57,1,1
1981,Europe,Belorussia,BLRCP,657,9.636,1,1
1982,Europe,Belorussia,BLRCP,690,9.703,1,1
1983,Europe,Belorussia,BLRCP,NA,9.77,1,1
1984,Europe,Belorussia,BLRCP,NA,9.837,1,1
1985,Europe,Belorussia,BLRCP,NA,9.901,1,1
1986,Europe,Belorussia,BLRCP,NA,9.965,1,1
1987,Europe,Belorussia,BLRCP,NA,10.026,1,1
1988,Europe,Belorussia,BLRCP,NA,10.081,1,1
1989,Europe,Belorussia,BLRCP,NA,10.124,1,1
1945,Europe,Moldova,MLDVCP,NA,2.0856,1,1
1946,Europe,Moldova,MLDVCP,NA,2.1357,1,1
1947,Europe,Moldova,MLDVCP,17,2.1858,1,1
1948,Europe,Moldova,MLDVCP,NA,2.2359,1,1
1949,Europe,Moldova,MLDVCP,NA,2.286,1,1
1950,Europe,Moldova,MLDVCP,NA,2.341,1,1
1951,Europe,Moldova,MLDVCP,NA,2.381,1,1
1952,Europe,Moldova,MLDVCP,NA,2.432,1,1
1953,Europe,Moldova,MLDVCP,36,2.491,1,1
1954,Europe,Moldova,MLDVCP,38,2.556,1,1
1955,Europe,Moldova,MLDVCP,39,2.627,1,1
1956,Europe,Moldova,MLDVCP,41,2.701,1,1
1957,Europe,Moldova,MLDVCP,43,2.777,1,1
1958,Europe,Moldova,MLDVCP,47,2.854,1,1
1959,Europe,Moldova,MLDVCP,51,2.93,1,1
1960,Europe,Moldova,MLDVCP,55,3.004,1,1
1961,Europe,Moldova,MLDVCP,59,3.077,1,1
1962,Europe,Moldova,MLDVCP,68,3.147,1,1
1963,Europe,Moldova,MLDVCP,76,3.213,1,1
1964,Europe,Moldova,MLDVCP,81,3.276,1,1
1965,Europe,Moldova,MLDVCP,85,3.337,1,1
1966,Europe,Moldova,MLDVCP,92,3.393,1,1
1967,Europe,Moldova,MLDVCP,99,3.446,1,1
1968,Europe,Moldova,MLDVCP,103,3.496,1,1
1969,Europe,Moldova,MLDVCP,107,3.546,1,1
1970,Europe,Moldova,MLDVCP,111,3.595,1,1
1971,Europe,Moldova,MLDVCP,115,3.647,1,1
1972,Europe,Moldova,MLDVCP,119,3.698,1,1
1973,Europe,Moldova,MLDVCP,124,3.749,1,1
1974,Europe,Moldova,MLDVCP,128,3.797,1,1
1975,Europe,Moldova,MLDVCP,133,3.84,1,1
1976,Europe,Moldova,MLDVCP,137,3.878,1,1
1977,Europe,Moldova,MLDVCP,142,3.912,1,1
1978,Europe,Moldova,MLDVCP,135,3.943,1,1
1979,Europe,Moldova,MLDVCP,129,3.976,1,1
1980,Europe,Moldova,MLDVCP,122,4.011,1,1
1981,Europe,Moldova,MLDVCP,116,4.05,1,1
1982,Europe,Moldova,MLDVCP,109,4.091,1,1
1983,Europe,Moldova,MLDVCP,NA,4.134,1,1
1984,Europe,Moldova,MLDVCP,NA,4.176,1,1
1985,Europe,Moldova,MLDVCP,NA,4.216,1,1
1986,Europe,Moldova,MLDVCP,NA,4.254,1,1
1987,Europe,Moldova,MLDVCP,NA,4.29,1,1
1988,Europe,Moldova,MLDVCP,NA,4.322,1,1
1989,Europe,Moldova,MLDVCP,NA,4.348,1,1
1945,Europe,Turkmenstan,KPT,NA,1.0768,1,1
1946,Europe,Turkmenstan,KPT,NA,1.1031,1,1
1947,Europe,Turkmenstan,KPT,31,1.1294,1,1
1948,Europe,Turkmenstan,KPT,NA,1.1557,1,1
1949,Europe,Turkmenstan,KPT,NA,1.182,1,1
1950,Europe,Turkmenstan,KPT,NA,1.211,1,1
1951,Europe,Turkmenstan,KPT,NA,1.232,1,1
1952,Europe,Turkmenstan,KPT,NA,1.258,1,1
1953,Europe,Turkmenstan,KPT,NA,1.29,1,1
1954,Europe,Turkmenstan,KPT,NA,1.325,1,1
1955,Europe,Turkmenstan,KPT,NA,1.365,1,1
1956,Europe,Turkmenstan,KPT,37,1.407,1,1
1957,Europe,Turkmenstan,KPT,39,1.452,1,1
1958,Europe,Turkmenstan,KPT,41,1.5,1,1
1959,Europe,Turkmenstan,KPT,43,1.55,1,1
1960,Europe,Turkmenstan,KPT,46,1.603,1,1
1961,Europe,Turkmenstan,KPT,48,1.658,1,1
1962,Europe,Turkmenstan,KPT,50,1.715,1,1
1963,Europe,Turkmenstan,KPT,52,1.774,1,1
1964,Europe,Turkmenstan,KPT,55,1.833,1,1
1965,Europe,Turkmenstan,KPT,57,1.893,1,1
1966,Europe,Turkmenstan,KPT,60,1.952,1,1
1967,Europe,Turkmenstan,KPT,63,2.012,1,1
1968,Europe,Turkmenstan,KPT,65,2.072,1,1
1969,Europe,Turkmenstan,KPT,66,2.133,1,1
1970,Europe,Turkmenstan,KPT,68,2.195,1,1
1971,Europe,Turkmenstan,KPT,70,2.259,1,1
1972,Europe,Turkmenstan,KPT,72,2.324,1,1
1973,Europe,Turkmenstan,KPT,73,2.39,1,1
1974,Europe,Turkmenstan,KPT,75,2.457,1,1
1975,Europe,Turkmenstan,KPT,77,2.525,1,1
1976,Europe,Turkmenstan,KPT,78,2.594,1,1
1977,Europe,Turkmenstan,KPT,80,2.664,1,1
1978,Europe,Turkmenstan,KPT,83,2.735,1,1
1979,Europe,Turkmenstan,KPT,86,2.806,1,1
1980,Europe,Turkmenstan,KPT,90,2.877,1,1
1981,Europe,Turkmenstan,KPT,93,2.948,1,1
1982,Europe,Turkmenstan,KPT,96,3.019,1,1
1983,Europe,Turkmenstan,KPT,99,3.091,1,1
1984,Europe,Turkmenstan,KPT,NA,3.166,1,1
1985,Europe,Turkmenstan,KPT,106,3.244,1,1
1986,Europe,Turkmenstan,KPT,111,3.324,1,1
1987,Europe,Turkmenstan,KPT,117,3.407,1,1
1988,Europe,Turkmenstan,KPT,118,3.494,1,1
1989,Europe,Turkmenstan,KPT,122,3.586,1,1
1945,Asia,Armenia,ARMCP,NA,1.1497,0,1
1946,Asia,Armenia,ARMCP,NA,1.189,0,1
1947,Asia,Armenia,ARMCP,56,1.2283,0,1
1948,Asia,Armenia,ARMCP,59,1.2676,0,1
1949,Asia,Armenia,ARMCP,61,1.3069,0,1
1950,Asia,Armenia,ARMCP,NA,1.353,0,1
1951,Asia,Armenia,ARMCP,NA,1.382,0,1
1952,Asia,Armenia,ARMCP,NA,1.418,0,1
1953,Asia,Armenia,ARMCP,NA,1.461,0,1
1954,Asia,Armenia,ARMCP,NA,1.51,0,1
1955,Asia,Armenia,ARMCP,NA,1.563,0,1
1956,Asia,Armenia,ARMCP,69,1.621,0,1
1957,Asia,Armenia,ARMCP,72,1.681,0,1
1958,Asia,Armenia,ARMCP,75,1.743,0,1
1959,Asia,Armenia,ARMCP,79,1.808,0,1
1960,Asia,Armenia,ARMCP,82,1.874,0,1
1961,Asia,Armenia,ARMCP,85,1.941,0,1
1962,Asia,Armenia,ARMCP,90,2.009,0,1
1963,Asia,Armenia,ARMCP,94,2.078,0,1
1964,Asia,Armenia,ARMCP,99,2.145,0,1
1965,Asia,Armenia,ARMCP,104,2.211,0,1
1966,Asia,Armenia,ARMCP,109,2.276,0,1
1967,Asia,Armenia,ARMCP,114,2.339,0,1
1968,Asia,Armenia,ARMCP,118,2.401,0,1
1969,Asia,Armenia,ARMCP,122,2.463,0,1
1970,Asia,Armenia,ARMCP,126,2.525,0,1
1971,Asia,Armenia,ARMCP,130,2.588,0,1
1972,Asia,Armenia,ARMCP,133,2.65,0,1
1973,Asia,Armenia,ARMCP,136,2.713,0,1
1974,Asia,Armenia,ARMCP,138,2.774,0,1
1975,Asia,Armenia,ARMCP,141,2.833,0,1
1976,Asia,Armenia,ARMCP,144,2.89,0,1
1977,Asia,Armenia,ARMCP,147,2.944,0,1
1978,Asia,Armenia,ARMCP,NA,2.997,0,1
1979,Asia,Armenia,ARMCP,NA,3.049,0,1
1980,Asia,Armenia,ARMCP,NA,3.1,0,1
1981,Asia,Armenia,ARMCP,NA,3.148,0,1
1982,Asia,Armenia,ARMCP,NA,3.194,0,1
1983,Asia,Armenia,ARMCP,NA,3.239,0,1
1984,Asia,Armenia,ARMCP,NA,3.286,0,1
1985,Asia,Armenia,ARMCP,NA,3.336,0,1
1986,Asia,Armenia,ARMCP,170,3.392,0,1
1987,Asia,Armenia,ARMCP,NA,3.452,0,1
1988,Asia,Armenia,ARMCP,NA,3.505,0,1
1989,Asia,Armenia,ARMCP,NA,3.536,0,1
1945,Asia,Tadzikistan,CPT,NA,1.2683,1,1
1946,Asia,Tadzikistan,CPT,NA,1.321,1,1
1947,Asia,Tadzikistan,CPT,27,1.3737,1,1
1948,Asia,Tadzikistan,CPT,NA,1.4264,1,1
1949,Asia,Tadzikistan,CPT,NA,1.4791,1,1
1950,Asia,Tadzikistan,CPT,NA,1.531,1,1
1951,Asia,Tadzikistan,CPT,NA,1.585,1,1
1952,Asia,Tadzikistan,CPT,NA,1.638,1,1
1953,Asia,Tadzikistan,CPT,NA,1.69,1,1
1954,Asia,Tadzikistan,CPT,NA,1.742,1,1
1955,Asia,Tadzikistan,CPT,NA,1.794,1,1
1956,Asia,Tadzikistan,CPT,35,1.847,1,1
1957,Asia,Tadzikistan,CPT,39,1.902,1,1
1958,Asia,Tadzikistan,CPT,42,1.959,1,1
1959,Asia,Tadzikistan,CPT,45,2.021,1,1
1960,Asia,Tadzikistan,CPT,49,2.087,1,1
1961,Asia,Tadzikistan,CPT,52,2.159,1,1
1962,Asia,Tadzikistan,CPT,56,2.237,1,1
1963,Asia,Tadzikistan,CPT,60,2.318,1,1
1964,Asia,Tadzikistan,CPT,64,2.402,1,1
1965,Asia,Tadzikistan,CPT,68,2.488,1,1
1966,Asia,Tadzikistan,CPT,72,2.574,1,1
1967,Asia,Tadzikistan,CPT,76,2.662,1,1
1968,Asia,Tadzikistan,CPT,78,2.751,1,1
1969,Asia,Tadzikistan,CPT,81,2.84,1,1
1970,Asia,Tadzikistan,CPT,83,2.93,1,1
1971,Asia,Tadzikistan,CPT,86,3.02,1,1
1972,Asia,Tadzikistan,CPT,88,3.111,1,1
1973,Asia,Tadzikistan,CPT,90,3.203,1,1
1974,Asia,Tadzikistan,CPT,92,3.296,1,1
1975,Asia,Tadzikistan,CPT,95,3.391,1,1
1976,Asia,Tadzikistan,CPT,97,3.488,1,1
1977,Asia,Tadzikistan,CPT,99,3.586,1,1
1978,Asia,Tadzikistan,CPT,101,3.688,1,1
1979,Asia,Tadzikistan,CPT,104,3.794,1,1
1980,Asia,Tadzikistan,CPT,106,3.905,1,1
1981,Asia,Tadzikistan,CPT,109,4.021,1,1
1982,Asia,Tadzikistan,CPT,111,4.14,1,1
1983,Asia,Tadzikistan,CPT,113,4.265,1,1
1984,Asia,Tadzikistan,CPT,120,4.398,1,1
1985,Asia,Tadzikistan,CPT,126,4.538,1,1
1986,Asia,Tadzikistan,CPT,132,4.687,1,1
1987,Asia,Tadzikistan,CPT,138,4.844,1,1
1988,Asia,Tadzikistan,CPT,139,5.001,1,1
1989,Asia,Tadzikistan,CPT,143,5.15,1,1
1945,Asia,Kirgzhistan,CPK,NA,1.5918,0,1
1946,Asia,Kirgzhistan,CPK,NA,1.6211,0,1
1947,Asia,Kirgzhistan,CPK,40,1.6504,0,1
1948,Asia,Kirgzhistan,CPK,NA,1.6797,0,1
1949,Asia,Kirgzhistan,CPK,NA,1.709,0,1
1950,Asia,Kirgzhistan,CPK,NA,1.74,0,1
1951,Asia,Kirgzhistan,CPK,NA,1.766,0,1
1952,Asia,Kirgzhistan,CPK,NA,1.795,0,1
1953,Asia,Kirgzhistan,CPK,46,1.828,0,1
1954,Asia,Kirgzhistan,CPK,48,1.864,0,1
1955,Asia,Kirgzhistan,CPK,49,1.904,0,1
1956,Asia,Kirgzhistan,CPK,51,1.947,0,1
1957,Asia,Kirgzhistan,CPK,53,1.995,0,1
1958,Asia,Kirgzhistan,CPK,56,2.047,0,1
1959,Asia,Kirgzhistan,CPK,59,2.105,0,1
1960,Asia,Kirgzhistan,CPK,63,2.17,0,1
1961,Asia,Kirgzhistan,CPK,66,2.242,0,1
1962,Asia,Kirgzhistan,CPK,71,2.319,0,1
1963,Asia,Kirgzhistan,CPK,75,2.401,0,1
1964,Asia,Kirgzhistan,CPK,80,2.485,0,1
1965,Asia,Kirgzhistan,CPK,85,2.569,0,1
1966,Asia,Kirgzhistan,CPK,90,2.653,0,1
1967,Asia,Kirgzhistan,CPK,95,2.736,0,1
1968,Asia,Kirgzhistan,CPK,97,2.817,0,1
1969,Asia,Kirgzhistan,CPK,100,2.895,0,1
1970,Asia,Kirgzhistan,CPK,102,2.97,0,1
1971,Asia,Kirgzhistan,CPK,105,3.04,0,1
1972,Asia,Kirgzhistan,CPK,106,3.105,0,1
1973,Asia,Kirgzhistan,CPK,107,3.168,0,1
1974,Asia,Kirgzhistan,CPK,108,3.23,0,1
1975,Asia,Kirgzhistan,CPK,110,3.291,0,1
1976,Asia,Kirgzhistan,CPK,111,3.353,0,1
1977,Asia,Kirgzhistan,CPK,112,3.414,0,1
1978,Asia,Kirgzhistan,CPK,114,3.477,0,1
1979,Asia,Kirgzhistan,CPK,116,3.542,0,1
1980,Asia,Kirgzhistan,CPK,119,3.611,0,1
1981,Asia,Kirgzhistan,CPK,121,3.682,0,1
1982,Asia,Kirgzhistan,CPK,126,3.757,0,1
1983,Asia,Kirgzhistan,CPK,130,3.834,0,1
1984,Asia,Kirgzhistan,CPK,133,3.913,0,1
1985,Asia,Kirgzhistan,CPK,137,3.993,0,1
1986,Asia,Kirgzhistan,CPK,144,4.075,0,1
1987,Asia,Kirgzhistan,CPK,148,4.158,0,1
1988,Asia,Kirgzhistan,CPK,149,4.239,0,1
1989,Asia,Kirgzhistan,CPK,151,4.312,0,1
1945,Asia,Azerbajan,AZERCP,NA,2.534,0,1
1946,Asia,Azerbajan,AZERCP,NA,2.6106,0,1
1947,Asia,Azerbajan,AZERCP,105,2.6872,0,1
1948,Asia,Azerbajan,AZERCP,NA,2.7638,0,1
1949,Asia,Azerbajan,AZERCP,NA,2.8404,0,1
1950,Asia,Azerbajan,AZERCP,NA,2.928,0,1
1951,Asia,Azerbajan,AZERCP,NA,2.987,0,1
1952,Asia,Azerbajan,AZERCP,NA,3.06,0,1
1953,Asia,Azerbajan,AZERCP,112,3.143,0,1
1954,Asia,Azerbajan,AZERCP,115,3.233,0,1
1955,Asia,Azerbajan,AZERCP,119,3.329,0,1
1956,Asia,Azerbajan,AZERCP,122,3.431,0,1
1957,Asia,Azerbajan,AZERCP,126,3.537,0,1
1958,Asia,Azerbajan,AZERCP,133,3.649,0,1
1959,Asia,Azerbajan,AZERCP,139,3.768,0,1
1960,Asia,Azerbajan,AZERCP,146,3.895,0,1
1961,Asia,Azerbajan,AZERCP,153,4.03,0,1
1962,Asia,Azerbajan,AZERCP,164,4.171,0,1
1963,Asia,Azerbajan,AZERCP,175,4.315,0,1
1964,Asia,Azerbajan,AZERCP,187,4.457,0,1
1965,Asia,Azerbajan,AZERCP,198,4.593,0,1
1966,Asia,Azerbajan,AZERCP,208,4.721,0,1
1967,Asia,Azerbajan,AZERCP,222,4.844,0,1
1968,Asia,Azerbajan,AZERCP,231,4.96,0,1
1969,Asia,Azerbajan,AZERCP,240,5.072,0,1
1970,Asia,Azerbajan,AZERCP,249,5.18,0,1
1971,Asia,Azerbajan,AZERCP,258,5.284,0,1
1972,Asia,Azerbajan,AZERCP,264,5.385,0,1
1973,Asia,Azerbajan,AZERCP,271,5.483,0,1
1974,Asia,Azerbajan,AZERCP,277,5.579,0,1
1975,Asia,Azerbajan,AZERCP,283,5.674,0,1
1976,Asia,Azerbajan,AZERCP,290,5.769,0,1
1977,Asia,Azerbajan,AZERCP,296,5.863,0,1
1978,Asia,Azerbajan,AZERCP,NA,5.958,0,1
1979,Asia,Azerbajan,AZERCP,NA,6.054,0,1
1980,Asia,Azerbajan,AZERCP,NA,6.151,0,1
1981,Asia,Azerbajan,AZERCP,NA,6.249,0,1
1982,Asia,Azerbajan,AZERCP,NA,6.35,0,1
1983,Asia,Azerbajan,AZERCP,NA,6.452,0,1
1984,Asia,Azerbajan,AZERCP,NA,6.558,0,1
1985,Asia,Azerbajan,AZERCP,NA,6.666,0,1
1986,Asia,Azerbajan,AZERCP,NA,6.779,0,1
1987,Asia,Azerbajan,AZERCP,NA,6.893,0,1
1988,Asia,Azerbajan,AZERCP,NA,7.01,0,1
1989,Asia,Azerbajan,AZERCP,NA,7.127,0,1
1945,Asia,Georgia,GEORCP,NA,3.348,0,1
1946,Asia,Georgia,GEORCP,NA,3.383,0,1
1947,Asia,Georgia,GEORCP,152,3.418,0,1
1948,Asia,Georgia,GEORCP,NA,3.453,0,1
1949,Asia,Georgia,GEORCP,NA,3.488,0,1
1950,Asia,Georgia,GEORCP,NA,3.527,0,1
1951,Asia,Georgia,GEORCP,NA,3.556,0,1
1952,Asia,Georgia,GEORCP,NA,3.589,0,1
1953,Asia,Georgia,GEORCP,173,3.626,0,1
1954,Asia,Georgia,GEORCP,177,3.667,0,1
1955,Asia,Georgia,GEORCP,182,3.713,0,1
1956,Asia,Georgia,GEORCP,186,3.764,0,1
1957,Asia,Georgia,GEORCP,191,3.819,0,1
1958,Asia,Georgia,GEORCP,197,3.878,0,1
1959,Asia,Georgia,GEORCP,204,3.941,0,1
1960,Asia,Georgia,GEORCP,210,4.008,0,1
1961,Asia,Georgia,GEORCP,217,4.077,0,1
1962,Asia,Georgia,GEORCP,225,4.149,0,1
1963,Asia,Georgia,GEORCP,232,4.222,0,1
1964,Asia,Georgia,GEORCP,240,4.297,0,1
1965,Asia,Georgia,GEORCP,248,4.371,0,1
1966,Asia,Georgia,GEORCP,257,4.447,0,1
1967,Asia,Georgia,GEORCP,266,4.522,0,1
1968,Asia,Georgia,GEORCP,273,4.593,0,1
1969,Asia,Georgia,GEORCP,281,4.658,0,1
1970,Asia,Georgia,GEORCP,288,4.713,0,1
1971,Asia,Georgia,GEORCP,296,4.758,0,1
1972,Asia,Georgia,GEORCP,301,4.793,0,1
1973,Asia,Georgia,GEORCP,306,4.822,0,1
1974,Asia,Georgia,GEORCP,310,4.848,0,1
1975,Asia,Georgia,GEORCP,315,4.874,0,1
1976,Asia,Georgia,GEORCP,320,4.9,0,1
1977,Asia,Georgia,GEORCP,325,4.927,0,1
1978,Asia,Georgia,GEORCP,335,4.955,0,1
1979,Asia,Georgia,GEORCP,345,4.986,0,1
1980,Asia,Georgia,GEORCP,355,5.018,0,1
1981,Asia,Georgia,GEORCP,365,5.051,0,1
1982,Asia,Georgia,GEORCP,375,5.085,0,1
1983,Asia,Georgia,GEORCP,NA,5.122,0,1
1984,Asia,Georgia,GEORCP,NA,5.164,0,1
1985,Asia,Georgia,GEORCP,NA,5.211,0,1
1986,Asia,Georgia,GEORCP,NA,5.267,0,1
1987,Asia,Georgia,GEORCP,NA,5.327,0,1
1988,Asia,Georgia,GEORCP,NA,5.381,0,1
1989,Asia,Georgia,GEORCP,NA,5.412,0,1
2001,Europe,Russia,UNITRUS,NA,145.976,2,0
2002,Europe,Russia,UNITRUS,300,145.306,2,0
2003,Europe,Russia,UNITRUS,600,144.649,2,0
2004,Europe,Russia,UNITRUS,900,144.067,2,0
2005,Europe,Russia,UNITRUS,1200,143.519,2,0
2006,Europe,Russia,UNITRUS,1500,143.05,2,0
2007,Europe,Russia,UNITRUS,1800,142.805,2,0
2008,Europe,Russia,UNITRUS,2000,142.742,2,0
2009,Europe,Russia,UNITRUS,2030,142.785,2,0
2010,Europe,Russia,UNITRUS,2074,142.849,2,0
2011,Europe,Russia,UNITRUS,NA,142.961,2,0
2012,Europe,Russia,UNITRUS,NA,143.202,2,0
2013,Europe,Russia,UNITRUS,NA,143.507,2,0
2014,Europe,Russia,UNITRUS,NA,143.82,2,0
2015,Europe,Russia,UNITRUS,2114,144.097,2,0
2016,Europe,Russia,UNITRUS,NA,144.342,2,0
2017,Europe,Russia,UNITRUS,NA,144.497,2,0
2018,Europe,Russia,UNITRUS,NA,144.478,2,0
2019,Europe,Russia,UNITRUS,NA,144.373,2,0
2020,Europe,Russia,UNITRUS,NA,145.934,2,0
