status,gender
disagre,male
disagre,male
disagre,male
disagre,male
disagre,male
disagre,male
disagre,male
disagre,male
disagre,male
disagre,male
disagre,male
disagre,male
disagre,male
disagre,male
disagre,male
disagre,male
disagre,male
disagre,male
disagre,male
disagre,male
disagre,male
disagre,male
disagre,male
disagre,male
disagre,male
disagre,male
disagre,male
disagre,male
disagre,male
disagre,male
disagre,male
disagre,male
disagre,male
disagre,male
disagre,male
disagre,male
disagre,male
disagre,male
disagre,male
disagre,male
disagre,male
disagre,male
disagre,male
disagre,male
disagre,male
disagre,male
disagre,male
disagre,male
disagre,male
disagre,male
disagre,male
disagre,male
disagre,male
disagre,male
disagre,male
disagre,male
disagre,male
disagre,female
disagre,female
disagre,female
disagre,female
disagre,female
disagre,female
disagre,female
disagre,female
disagre,female
disagre,female
disagre,female
disagre,female
disagre,female
disagre,female
disagre,female
disagre,female
disagre,female
disagre,female
disagre,female
disagre,female
disagre,female
disagre,female
disagre,female
disagre,female
disagre,female
disagre,female
disagre,female
disagre,female
disagre,female
disagre,female
disagre,female
disagre,female
disagre,female
disagre,female
disagre,female
disagre,female
disagre,female
disagre,female
disagre,female
disagre,female
disagre,female
disagre,female
disagre,female
disagre,female
disagre,female
disagre,female
disagre,female
disagre,female
disagre,female
disagre,female
disagre,female
disagre,female
disagre,female
disagre,female
neutral,male
neutral,male
neutral,male
neutral,male
neutral,male
neutral,male
neutral,male
neutral,male
neutral,male
neutral,male
neutral,male
neutral,male
neutral,male
neutral,male
neutral,male
neutral,male
neutral,male
neutral,male
neutral,male
neutral,male
neutral,male
neutral,male
neutral,male
neutral,male
neutral,male
neutral,male
neutral,male
neutral,male
neutral,male
neutral,male
neutral,male
neutral,male
neutral,male
neutral,female
neutral,female
neutral,female
neutral,female
neutral,female
neutral,female
neutral,female
neutral,female
neutral,female
neutral,female
neutral,female
neutral,female
neutral,female
neutral,female
neutral,female
neutral,female
neutral,female
neutral,female
neutral,female
neutral,female
neutral,female
neutral,female
neutral,female
neutral,female
neutral,female
neutral,female
neutral,female
neutral,female
neutral,female
neutral,female
neutral,female
neutral,female
neutral,female
neutral,female
neutral,female
neutral,female
neutral,female
agree,male
agree,male
agree,male
agree,male
agree,male
agree,male
agree,male
agree,male
agree,male
agree,male
agree,male
agree,male
agree,male
agree,male
agree,male
agree,male
agree,male
agree,male
agree,male
agree,male
agree,male
agree,male
agree,male
agree,male
agree,male
agree,male
agree,male
agree,male
agree,male
agree,male
agree,male
agree,male
agree,male
agree,male
agree,male
agree,male
agree,male
agree,male
agree,male
agree,male
agree,male
agree,male
agree,male
agree,male
agree,male
agree,male
agree,male
agree,male
agree,male
agree,male
agree,male
agree,male
agree,male
agree,male
agree,male
agree,male
agree,male
agree,male
agree,male
agree,male
agree,male
agree,male
agree,male
agree,male
agree,male
agree,male
agree,male
agree,male
agree,male
agree,male
agree,male
agree,male
agree,male
agree,male
agree,male
agree,male
agree,male
agree,male
agree,male
agree,male
agree,male
agree,male
agree,male
agree,male
agree,male
agree,male
agree,male
agree,male
agree,male
agree,male
agree,male
agree,male
agree,male
agree,male
agree,male
agree,male
agree,male
agree,male
agree,male
agree,male
agree,male
agree,male
agree,male
agree,male
agree,male
agree,male
agree,male
agree,male
agree,male
agree,male
agree,male
agree,male
agree,male
agree,male
agree,male
agree,male
agree,male
agree,male
agree,male
agree,male
agree,male
agree,male
agree,male
agree,male
agree,male
agree,male
agree,male
agree,male
agree,male
agree,male
agree,male
agree,male
agree,male
agree,male
agree,male
agree,male
agree,male
agree,male
agree,male
agree,male
agree,male
agree,male
agree,male
agree,male
agree,male
agree,male
agree,male
agree,male
agree,male
agree,male
agree,male
agree,male
agree,male
agree,male
agree,male
agree,male
agree,male
agree,male
agree,male
agree,male
agree,male
agree,male
agree,male
agree,male
agree,male
agree,male
agree,male
agree,male
agree,male
agree,male
agree,male
agree,male
agree,male
agree,male
agree,male
agree,male
agree,male
agree,male
agree,male
agree,male
agree,male
agree,female
agree,female
agree,female
agree,female
agree,female
agree,female
agree,female
agree,female
agree,female
agree,female
agree,female
agree,female
agree,female
agree,female
agree,female
agree,female
agree,female
agree,female
agree,female
agree,female
agree,female
agree,female
agree,female
agree,female
agree,female
agree,female
agree,female
agree,female
agree,female
agree,female
agree,female
agree,female
agree,female
agree,female
agree,female
agree,female
agree,female
agree,female
agree,female
agree,female
agree,female
agree,female
agree,female
agree,female
agree,female
agree,female
agree,female
agree,female
agree,female
agree,female
agree,female
agree,female
agree,female
agree,female
agree,female
agree,female
agree,female
agree,female
agree,female
agree,female
agree,female
agree,female
agree,female
agree,female
agree,female
agree,female
agree,female
agree,female
agree,female
agree,female
agree,female
agree,female
agree,female
agree,female
agree,female
agree,female
agree,female
agree,female
agree,female
agree,female
agree,female
agree,female
agree,female
agree,female
agree,female
agree,female
agree,female
agree,female
agree,female
agree,female
agree,female
agree,female
agree,female
agree,female
agree,female
agree,female
agree,female
agree,female
agree,female
agree,female
agree,female
agree,female
agree,female
agree,female
agree,female
agree,female
agree,female
agree,female
agree,female
agree,female
agree,female
agree,female
agree,female
agree,female
agree,female
agree,female
agree,female
agree,female
agree,female
agree,female
agree,female
agree,female
agree,female
agree,female
agree,female
agree,female
agree,female
agree,female
agree,female
agree,female
agree,female
agree,female
agree,female
agree,female
agree,female
agree,female
agree,female
agree,female
agree,female
agree,female
agree,female
agree,female
agree,female
agree,female
agree,female
agree,female
agree,female
agree,female
agree,female
agree,female
agree,female
agree,female
agree,female
agree,female
agree,female
agree,female
agree,female
agree,female
agree,female
agree,female
agree,female
agree,female
agree,female
agree,female
agree,female
agree,female
agree,female
agree,female
agree,female
agree,female
agree,female
agree,female
agree,female
agree,female
agree,female
agree,female
agree,female
agree,female
agree,female
agree,female
agree,female
agree,female
agree,female
agree,female
agree,female
agree,female
agree,female
agree,female
agree,female
agree,female
agree,female
agree,female
agree,female
agree,female
agree,female
agree,female
agree,female
agree,female
agree,female
agree,female
agree,female
agree,female
agree,female
agree,female
agree,female
agree,female
agree,female
agree,female
agree,female
agree,female
agree,female
agree,female
agree,female
agree,female
agree,female
agree,female
agree,female
agree,female
agree,female
agree,female
agree,female
agree,female
agree,female
agree,female
agree,female
agree,female
agree,female
agree,female
agree,female
agree,female
agree,female
agree,female
agree,female
agree,female
agree,female
agree,female
agree,female
agree,female
agree,female
agree,female
agree,female
agree,female
agree,female
agree,female
agree,female
agree,female
agree,female
agree,female
agree,female
agree,female
agree,female
agree,female
agree,female
agree,female
agree,female
agree,female
agree,female
agree,female
agree,female
agree,female
agree,female
agree,female
agree,female
agree,female
agree,female
agree,female
agree,female
agree,female
agree,female
agree,female
agree,female
agree,female
agree,female
agree,female
agree,female
agree,female
agree,female
agree,female
agree,female
agree,female
agree,female
agree,female
agree,female
agree,female
agree,female
agree,female
agree,female
agree,female
agree,female
agree,female
agree,female
agree,female
agree,female
agree,female
agree,female
agree,female
agree,female
agree,female
agree,female
agree,female
agree,female
agree,female
agree,female
agree,female
agree,female
agree,female
agree,female
agree,female
agree,female
agree,female
agree,female
agree,female
agree,female
agree,female
agree,female
agree,female
agree,female
agree,female
agree,female
agree,female
agree,female
agree,female
